Rank,Difference_in_Rank,Country,Region,Year,Happiness_score,Economy,Family,Health,Freedom,Generosity,Government
1,0,Switzerland,Western Europe,2015,7.59,1.4,1.35,0.94,0.67,0.3,0.42
2,0,Iceland,Western Europe,2015,7.56,1.3,1.4,0.95,0.63,0.44,0.14
3,0,Denmark,Western Europe,2015,7.53,1.33,1.36,0.87,0.65,0.34,0.48
4,0,Norway,Western Europe,2015,7.52,1.46,1.33,0.89,0.67,0.35,0.37
5,0,Canada,North America,2015,7.43,1.33,1.32,0.91,0.63,0.46,0.33
6,0,Finland,Western Europe,2015,7.41,1.29,1.32,0.89,0.64,0.23,0.41
7,0,Netherlands,Western Europe,2015,7.38,1.33,1.28,0.89,0.62,0.48,0.32
8,0,Sweden,Western Europe,2015,7.36,1.33,1.29,0.91,0.66,0.36,0.44
9,0,New Zealand,Australia and New Zealand,2015,7.29,1.25,1.32,0.91,0.64,0.48,0.43
10,0,Australia,Australia and New Zealand,2015,7.28,1.33,1.31,0.93,0.65,0.44,0.36
11,0,Israel,Middle East and North Africa,2015,7.28,1.23,1.22,0.91,0.41,0.33,0.08
12,0,Costa Rica,Latin America and Caribbean,2015,7.23,0.96,1.24,0.86,0.63,0.25,0.11
13,0,Austria,Western Europe,2015,7.2,1.34,1.3,0.89,0.62,0.33,0.19
14,0,Mexico,Latin America and Caribbean,2015,7.19,1.02,0.91,0.81,0.48,0.14,0.21
15,0,United States,North America,2015,7.12,1.39,1.25,0.86,0.55,0.4,0.16
16,0,Brazil,Latin America and Caribbean,2015,6.98,0.98,1.23,0.7,0.49,0.15,0.18
17,0,Luxembourg,Western Europe,2015,6.95,1.56,1.22,0.92,0.62,0.28,0.38
18,0,Ireland,Western Europe,2015,6.94,1.34,1.37,0.9,0.62,0.46,0.29
19,0,Belgium,Western Europe,2015,6.94,1.31,1.29,0.9,0.58,0.22,0.23
20,0,United Arab Emirates,Middle East and North Africa,2015,6.9,1.43,1.13,0.81,0.64,0.26,0.39
21,0,United Kingdom,Western Europe,2015,6.87,1.27,1.29,0.91,0.6,0.52,0.32
22,0,Venezuela,Latin America and Caribbean,2015,6.81,1.04,1.26,0.72,0.43,0.06,0.11
23,0,Singapore,Southeast Asia,2015,6.8,1.52,1.02,1.03,0.54,0.31,0.49
24,0,Panama,Latin America and Caribbean,2015,6.79,1.06,1.2,0.8,0.54,0.24,0.09
25,0,Germany,Western Europe,2015,6.75,1.33,1.3,0.89,0.61,0.28,0.22
26,0,Chile,Latin America and Caribbean,2015,6.67,1.11,1.12,0.86,0.44,0.33,0.13
27,0,France,Western Europe,2015,6.58,1.28,1.26,0.95,0.55,0.12,0.21
28,0,Argentina,Latin America and Caribbean,2015,6.57,1.05,1.25,0.79,0.45,0.11,0.08
29,0,Czech Republic,Central and East Europe,2015,6.51,1.18,1.21,0.84,0.46,0.11,0.03
30,0,Uruguay,Latin America and Caribbean,2015,6.49,1.06,1.21,0.81,0.6,0.23,0.25
31,0,Colombia,Latin America and Caribbean,2015,6.48,0.92,1.24,0.69,0.53,0.18,0.05
32,0,Thailand,Southeast Asia,2015,6.46,0.97,1.27,0.74,0.56,0.58,0.03
33,0,Saudi Arabia,Middle East and North Africa,2015,6.41,1.4,1.08,0.72,0.31,0.14,0.33
34,0,Spain,Western Europe,2015,6.33,1.23,1.31,0.96,0.46,0.18,0.06
35,0,Malta,Western Europe,2015,6.3,1.21,1.3,0.89,0.6,0.52,0.14
36,0,Taiwan,East Asia,2015,6.3,1.29,1.08,0.88,0.4,0.25,0.08
37,0,Kuwait,Middle East and North Africa,2015,6.3,1.55,1.17,0.72,0.55,0.16,0.26
38,0,El Salvador,Latin America and Caribbean,2015,6.13,0.76,1.03,0.68,0.4,0.11,0.12
39,0,Guatemala,Latin America and Caribbean,2015,6.12,0.75,1.04,0.64,0.58,0.27,0.09
40,0,Uzbekistan,Central and East Europe,2015,6,0.63,1.34,0.6,0.66,0.23,0.31
41,0,Slovakia,Central and East Europe,2015,6,1.17,1.27,0.79,0.32,0.17,0.03
42,0,Japan,East Asia,2015,5.99,1.27,1.26,0.99,0.5,0.11,0.18
43,0,South Korea,East Asia,2015,5.98,1.24,0.96,0.97,0.33,0.19,0.08
44,0,Ecuador,Latin America and Caribbean,2015,5.98,0.86,1,0.79,0.49,0.12,0.18
45,0,Bahrain,Middle East and North Africa,2015,5.96,1.32,1.22,0.75,0.45,0.17,0.31
46,0,Italy,Western Europe,2015,5.95,1.25,1.2,0.95,0.26,0.23,0.03
47,0,Bolivia,Latin America and Caribbean,2015,5.89,0.68,0.98,0.54,0.57,0.21,0.09
48,0,Moldova,Central and East Europe,2015,5.89,0.59,1.02,0.62,0.33,0.21,0.02
49,0,Paraguay,Latin America and Caribbean,2015,5.88,0.76,1.3,0.66,0.54,0.34,0.08
50,0,Kazakhstan,Central and East Europe,2015,5.86,1.12,1.12,0.64,0.52,0.12,0.08
51,0,Slovenia,Central and East Europe,2015,5.85,1.18,1.27,0.87,0.61,0.25,0.04
52,0,Lithuania,Central and East Europe,2015,5.83,1.15,1.26,0.73,0.21,0.03,0.01
53,0,Nicaragua,Latin America and Caribbean,2015,5.83,0.59,1.14,0.74,0.55,0.28,0.19
54,0,Peru,Latin America and Caribbean,2015,5.82,0.9,0.97,0.73,0.41,0.15,0.06
55,0,Belarus,Central and East Europe,2015,5.81,1.03,1.23,0.74,0.38,0.11,0.19
56,0,Poland,Central and East Europe,2015,5.79,1.13,1.28,0.78,0.53,0.17,0.04
57,0,Malaysia,Southeast Asia,2015,5.77,1.12,1.07,0.72,0.53,0.33,0.11
58,0,Croatia,Central and East Europe,2015,5.76,1.08,0.8,0.79,0.26,0.05,0.02
59,0,Libya,Middle East and North Africa,2015,5.75,1.13,1.12,0.7,0.42,0.18,0.11
60,0,Russia,Central and East Europe,2015,5.72,1.14,1.24,0.67,0.37,0,0.03
61,0,Jamaica,Latin America and Caribbean,2015,5.71,0.81,1.15,0.69,0.5,0.21,0.02
62,0,Cyprus,Western Europe,2015,5.69,1.21,0.89,0.92,0.41,0.31,0.06
63,0,Algeria,Middle East and North Africa,2015,5.61,0.94,1.08,0.62,0.29,0.08,0.17
64,0,Kosovo,Central and East Europe,2015,5.59,0.8,0.81,0.63,0.25,0.28,0.05
65,0,Turkmenistan,Central and East Europe,2015,5.55,0.96,1.23,0.54,0.48,0.17,0.31
66,0,Mauritius,Sub-Saharan Africa,2015,5.48,1.01,0.99,0.71,0.56,0.38,0.08
67,0,Hong Kong,East Asia,2015,5.47,1.39,1.06,1.01,0.6,0.39,0.37
68,0,Estonia,Central and East Europe,2015,5.43,1.15,1.23,0.77,0.45,0.09,0.15
69,0,Indonesia,Southeast Asia,2015,5.4,0.83,1.09,0.64,0.47,0.52,0
70,0,Vietnam,Southeast Asia,2015,5.36,0.63,0.91,0.75,0.59,0.17,0.1
71,0,Turkey,Middle East and North Africa,2015,5.33,1.06,0.95,0.73,0.23,0.12,0.16
72,0,Kyrgyzstan,Central and East Europe,2015,5.29,0.47,1.15,0.65,0.43,0.3,0.04
73,0,Nigeria,Sub-Saharan Africa,2015,5.27,0.65,0.9,0.16,0.34,0.27,0.04
74,0,Azerbaijan,Central and East Europe,2015,5.21,1.02,0.94,0.64,0.37,0.08,0.16
75,0,Pakistan,South Asia,2015,5.19,0.6,0.41,0.51,0.12,0.34,0.1
76,0,Jordan,Middle East and North Africa,2015,5.19,0.9,1.05,0.7,0.41,0.11,0.14
77,0,Montenegro,Central and East Europe,2015,5.19,0.97,0.91,0.73,0.18,0.16,0.14
78,0,China,East Asia,2015,5.14,0.89,0.95,0.82,0.52,0.08,0.03
79,0,Zambia,Sub-Saharan Africa,2015,5.13,0.47,0.92,0.3,0.49,0.2,0.12
80,0,Romania,Central and East Europe,2015,5.12,1.04,0.89,0.77,0.35,0.14,0.01
81,0,Serbia,Central and East Europe,2015,5.12,0.92,1.01,0.75,0.2,0.19,0.03
82,0,Portugal,Western Europe,2015,5.1,1.16,1.14,0.88,0.51,0.14,0.01
83,0,Latvia,Central and East Europe,2015,5.1,1.11,1.1,0.72,0.3,0.18,0.06
84,0,Philippines,Southeast Asia,2015,5.07,0.71,1.04,0.58,0.63,0.25,0.12
85,0,Morocco,Middle East and North Africa,2015,5.01,0.73,0.64,0.61,0.42,0.07,0.09
87,0,Albania,Central and East Europe,2015,4.96,0.88,0.8,0.81,0.36,0.14,0.06
88,0,Bosnia and Herzegovina,Central and East Europe,2015,4.95,0.83,0.92,0.79,0.09,0.25,0
89,0,Dominican Republic,Latin America and Caribbean,2015,4.89,0.9,1.17,0.67,0.58,0.22,0.14
90,0,Mongolia,East Asia,2015,4.87,0.83,1.3,0.6,0.44,0.33,0.03
91,0,Greece,Western Europe,2015,4.86,1.15,0.93,0.88,0.08,0,0.01
92,0,Lebanon,Middle East and North Africa,2015,4.84,1.03,0.8,0.84,0.34,0.22,0.05
93,0,Hungary,Central and East Europe,2015,4.8,1.12,1.2,0.76,0.32,0.13,0.03
94,0,Honduras,Latin America and Caribbean,2015,4.79,0.6,0.95,0.7,0.4,0.23,0.07
95,0,Tajikistan,Central and East Europe,2015,4.79,0.39,0.86,0.57,0.47,0.23,0.15
96,0,Tunisia,Middle East and North Africa,2015,4.74,0.88,0.6,0.74,0.26,0.06,0.06
98,0,Bangladesh,South Asia,2015,4.69,0.4,0.43,0.6,0.41,0.21,0.13
99,0,Iran,Middle East and North Africa,2015,4.69,1.01,0.54,0.7,0.3,0.38,0.06
100,0,Ukraine,Central and East Europe,2015,4.68,0.8,1.2,0.67,0.25,0.15,0.03
101,0,Iraq,Middle East and North Africa,2015,4.68,0.99,0.82,0.6,0,0.18,0.14
102,0,South Africa,Sub-Saharan Africa,2015,4.64,0.92,1.18,0.28,0.33,0.12,0.09
103,0,Ghana,Sub-Saharan Africa,2015,4.63,0.55,0.68,0.4,0.42,0.23,0.04
104,0,Zimbabwe,Sub-Saharan Africa,2015,4.61,0.27,1.03,0.33,0.26,0.19,0.08
105,0,Liberia,Sub-Saharan Africa,2015,4.57,0.07,0.79,0.34,0.29,0.24,0.06
106,0,India,South Asia,2015,4.57,0.64,0.38,0.52,0.4,0.26,0.08
107,0,Nepal,South Asia,2015,4.51,0.36,0.86,0.57,0.38,0.32,0.06
108,0,Ethiopia,Sub-Saharan Africa,2015,4.51,0.19,0.6,0.44,0.43,0.24,0.15
109,0,Sierra Leone,Sub-Saharan Africa,2015,4.51,0.33,0.96,0,0.41,0.21,0.09
110,0,Mauritania,Sub-Saharan Africa,2015,4.44,0.45,0.87,0.36,0.24,0.22,0.17
111,0,Kenya,Sub-Saharan Africa,2015,4.42,0.36,1,0.41,0.42,0.38,0.06
113,0,Armenia,Central and East Europe,2015,4.35,0.77,0.78,0.73,0.2,0.08,0.04
114,0,Botswana,Sub-Saharan Africa,2015,4.33,0.99,1.1,0.05,0.49,0.1,0.12
115,0,Myanmar,Southeast Asia,2015,4.31,0.27,0.71,0.48,0.44,0.8,0.19
116,0,Georgia,Central and East Europe,2015,4.3,0.74,0.39,0.73,0.41,0.06,0.38
117,0,Malawi,Sub-Saharan Africa,2015,4.29,0.02,0.41,0.23,0.43,0.33,0.07
118,0,Sri Lanka,South Asia,2015,4.27,0.84,1.02,0.71,0.54,0.41,0.09
119,0,Cameroon,Sub-Saharan Africa,2015,4.25,0.42,0.89,0.23,0.49,0.21,0.06
120,0,Bulgaria,Central and East Europe,2015,4.22,1.01,1.11,0.77,0.31,0.12,0.01
121,0,Egypt,Middle East and North Africa,2015,4.19,0.88,0.75,0.62,0.17,0.11,0.06
122,0,Yemen,Middle East and North Africa,2015,4.08,0.55,0.68,0.4,0.36,0.09,0.08
123,0,Mali,Sub-Saharan Africa,2015,4,0.26,1.04,0.21,0.39,0.19,0.12
124,0,Congo,Sub-Saharan Africa,2015,3.99,0.68,0.66,0.31,0.41,0.12,0.12
125,0,Uganda,Sub-Saharan Africa,2015,3.93,0.21,1.13,0.34,0.46,0.29,0.07
126,0,Senegal,Sub-Saharan Africa,2015,3.9,0.36,0.98,0.44,0.37,0.21,0.11
127,0,Gabon,Sub-Saharan Africa,2015,3.9,1.06,0.91,0.43,0.32,0.07,0.11
128,0,Niger,Sub-Saharan Africa,2015,3.85,0.07,0.77,0.3,0.48,0.19,0.16
129,0,Cambodia,Southeast Asia,2015,3.82,0.46,0.63,0.61,0.66,0.4,0.07
130,0,Tanzania,Sub-Saharan Africa,2015,3.78,0.29,1,0.38,0.33,0.34,0.06
131,0,Madagascar,Sub-Saharan Africa,2015,3.68,0.21,0.67,0.47,0.19,0.21,0.08
132,0,Chad,Sub-Saharan Africa,2015,3.67,0.34,0.76,0.15,0.24,0.18,0.05
133,0,Guinea,Sub-Saharan Africa,2015,3.66,0.17,0.46,0.24,0.38,0.29,0.12
134,0,Ivory Coast,Sub-Saharan Africa,2015,3.66,0.47,0.77,0.15,0.47,0.2,0.18
135,0,Burkina Faso,Sub-Saharan Africa,2015,3.59,0.26,0.85,0.27,0.39,0.22,0.13
136,0,Afghanistan,South Asia,2015,3.58,0.32,0.3,0.3,0.23,0.37,0.1
137,0,Rwanda,Sub-Saharan Africa,2015,3.47,0.22,0.77,0.43,0.59,0.23,0.55
138,0,Benin,Sub-Saharan Africa,2015,3.34,0.29,0.35,0.32,0.48,0.18,0.08
139,0,Togo,Sub-Saharan Africa,2015,2.84,0.21,0.14,0.28,0.36,0.17,0.11
1,-2,Denmark,Western Europe,2016,7.53,1.44,1.16,0.8,0.58,0.36,0.44
2,1,Switzerland,Western Europe,2016,7.51,1.53,1.15,0.86,0.59,0.28,0.41
3,1,Iceland,Western Europe,2016,7.5,1.43,1.18,0.87,0.57,0.48,0.15
4,0,Norway,Western Europe,2016,7.5,1.58,1.13,0.8,0.6,0.38,0.36
5,-1,Finland,Western Europe,2016,7.41,1.41,1.13,0.81,0.57,0.25,0.41
6,1,Canada,North America,2016,7.4,1.44,1.1,0.83,0.57,0.45,0.31
7,0,Netherlands,Western Europe,2016,7.34,1.46,1.03,0.81,0.55,0.47,0.3
8,-1,New Zealand,Australia and New Zealand,2016,7.33,1.36,1.17,0.83,0.58,0.49,0.42
9,-1,Australia,Australia and New Zealand,2016,7.31,1.44,1.1,0.85,0.57,0.47,0.32
10,2,Sweden,Western Europe,2016,7.29,1.45,1.09,0.83,0.58,0.38,0.41
11,0,Israel,Middle East and North Africa,2016,7.27,1.34,1,0.85,0.36,0.32,0.09
12,-1,Austria,Western Europe,2016,7.12,1.45,1.08,0.81,0.54,0.33,0.21
13,-2,United States,North America,2016,7.1,1.51,1.05,0.78,0.48,0.41,0.15
14,2,Costa Rica,Latin America and Caribbean,2016,7.09,1.07,1.02,0.76,0.55,0.23,0.11
15,-10,Germany,Western Europe,2016,6.99,1.45,1.1,0.81,0.53,0.3,0.29
16,0,Brazil,Latin America and Caribbean,2016,6.95,1.09,1.04,0.61,0.4,0.16,0.14
17,-2,Belgium,Western Europe,2016,6.93,1.43,1.05,0.82,0.51,0.24,0.26
18,0,Ireland,Western Europe,2016,6.91,1.48,1.16,0.81,0.54,0.45,0.3
19,2,Luxembourg,Western Europe,2016,6.87,1.7,1.04,0.85,0.55,0.28,0.35
20,6,Mexico,Latin America and Caribbean,2016,6.78,1.12,0.71,0.71,0.38,0.12,0.18
21,-2,Singapore,Southeast Asia,2016,6.74,1.65,0.87,0.95,0.49,0.33,0.47
22,1,United Kingdom,Western Europe,2016,6.73,1.4,1.09,0.81,0.5,0.5,0.27
23,-3,Chile,Latin America and Caribbean,2016,6.71,1.22,0.91,0.82,0.38,0.32,0.11
24,0,Panama,Latin America and Caribbean,2016,6.7,1.18,0.99,0.71,0.49,0.24,0.08
25,-3,Argentina,Latin America and Caribbean,2016,6.65,1.15,1.07,0.7,0.42,0.11,0.07
26,-3,Czech Republic,Central and East Europe,2016,6.6,1.31,1.01,0.76,0.41,0.1,0.04
27,7,United Arab Emirates,Middle East and North Africa,2016,6.57,1.57,0.87,0.73,0.56,0.27,0.36
28,-2,Uruguay,Latin America and Caribbean,2016,6.55,1.18,1.03,0.72,0.54,0.18,0.21
29,-6,Malta,Western Europe,2016,6.49,1.31,1.1,0.8,0.55,0.56,0.18
30,-1,Colombia,Latin America and Caribbean,2016,6.48,1.03,1.02,0.6,0.45,0.16,0.05
31,4,France,Western Europe,2016,6.48,1.39,1.01,0.84,0.47,0.12,0.18
32,0,Thailand,Southeast Asia,2016,6.47,1.09,1.04,0.65,0.5,0.59,0.03
33,0,Saudi Arabia,Middle East and North Africa,2016,6.38,1.49,0.85,0.59,0.38,0.15,0.3
34,-2,Taiwan,East Asia,2016,6.38,1.4,0.93,0.8,0.32,0.25,0.07
35,1,Spain,Western Europe,2016,6.36,1.34,1.13,0.88,0.38,0.18,0.06
36,-27,Algeria,Middle East and North Africa,2016,6.36,1.05,0.83,0.62,0.21,0.07,0.16
37,-2,Guatemala,Latin America and Caribbean,2016,6.32,0.83,0.87,0.54,0.5,0.29,0.09
38,1,Kuwait,Middle East and North Africa,2016,6.24,1.62,0.88,0.64,0.43,0.16,0.24
39,-6,Bahrain,Middle East and North Africa,2016,6.22,1.44,0.94,0.66,0.47,0.17,0.26
40,18,Venezuela,Latin America and Caribbean,2016,6.08,1.13,1.03,0.62,0.2,0.04,0.08
41,0,Slovakia,Central and East Europe,2016,6.08,1.28,1.08,0.7,0.23,0.14,0.03
42,4,El Salvador,Latin America and Caribbean,2016,6.07,0.87,0.81,0.6,0.37,0.09,0.11
43,-14,Malaysia,Southeast Asia,2016,6.01,1.25,0.88,0.62,0.39,0.41,0.09
44,-9,Nicaragua,Latin America and Caribbean,2016,5.99,0.69,0.9,0.65,0.47,0.3,0.16
45,5,Uzbekistan,Central and East Europe,2016,5.99,0.74,1.17,0.5,0.61,0.34,0.28
46,0,Italy,Western Europe,2016,5.98,1.35,1.04,0.85,0.19,0.17,0.03
47,3,Ecuador,Latin America and Caribbean,2016,5.98,0.97,0.86,0.69,0.4,0.1,0.18
48,6,Japan,East Asia,2016,5.92,1.38,1.06,0.91,0.47,0.1,0.19
49,-1,Kazakhstan,Central and East Europe,2016,5.92,1.23,0.96,0.57,0.41,0.15,0.11
50,2,Moldova,Central and East Europe,2016,5.9,0.69,0.83,0.52,0.25,0.2,0.02
51,-9,Russia,Central and East Europe,2016,5.86,1.23,1.05,0.59,0.33,0.03,0.04
52,-4,Poland,Central and East Europe,2016,5.84,1.25,1.05,0.69,0.45,0.14,0.06
53,10,South Korea,East Asia,2016,5.84,1.36,0.72,0.89,0.25,0.19,0.08
54,7,Bolivia,Latin America and Caribbean,2016,5.82,0.79,0.84,0.47,0.51,0.22,0.08
55,3,Lithuania,Central and East Europe,2016,5.81,1.27,1.06,0.65,0.19,0.02,0.02
56,1,Belarus,Central and East Europe,2016,5.8,1.13,1.05,0.63,0.29,0.14,0.17
57,6,Slovenia,Central and East Europe,2016,5.77,1.3,1.06,0.79,0.53,0.26,0.04
58,4,Peru,Latin America and Caribbean,2016,5.74,1,0.81,0.63,0.38,0.15,0.05
59,-6,Turkmenistan,Central and East Europe,2016,5.66,1.08,1.04,0.44,0.37,0.23,0.28
60,-6,Mauritius,Sub-Saharan Africa,2016,5.65,1.14,0.76,0.66,0.46,0.37,0.05
61,2,Libya,Middle East and North Africa,2016,5.62,1.07,0.95,0.52,0.41,0.17,0.1
62,-21,Latvia,Central and East Europe,2016,5.56,1.22,0.95,0.64,0.28,0.17,0.09
63,1,Cyprus,Western Europe,2016,5.55,1.32,0.71,0.85,0.3,0.28,0.05
64,15,Paraguay,Latin America and Caribbean,2016,5.54,0.89,1.11,0.58,0.46,0.25,0.07
65,-15,Romania,Central and East Europe,2016,5.53,1.17,0.73,0.68,0.37,0.13,0.01
66,-2,Estonia,Central and East Europe,2016,5.52,1.28,1.05,0.68,0.42,0.08,0.19
67,6,Jamaica,Latin America and Caribbean,2016,5.51,0.89,0.96,0.59,0.44,0.22,0.04
68,10,Croatia,Central and East Europe,2016,5.49,1.19,0.61,0.71,0.24,0.18,0.04
69,2,Hong Kong,East Asia,2016,5.46,1.51,0.87,0.95,0.48,0.4,0.32
70,6,Kosovo,Central and East Europe,2016,5.4,0.9,0.66,0.54,0.14,0.28,0.07
71,0,Turkey,Middle East and North Africa,2016,5.39,1.16,0.88,0.65,0.24,0.05,0.12
72,3,Indonesia,Southeast Asia,2016,5.31,0.95,0.88,0.49,0.39,0.57,0
73,-3,Jordan,Middle East and North Africa,2016,5.3,1,0.86,0.61,0.36,0.14,0.13
74,0,Azerbaijan,Central and East Europe,2016,5.29,1.12,0.76,0.55,0.35,0.06,0.18
75,-9,Philippines,Southeast Asia,2016,5.28,0.81,0.88,0.47,0.55,0.22,0.12
76,-2,China,East Asia,2016,5.25,1.03,0.79,0.74,0.44,0.05,0.03
77,5,Kyrgyzstan,Central and East Europe,2016,5.19,0.56,0.95,0.55,0.4,0.38,0.05
78,-3,Serbia,Central and East Europe,2016,5.18,1.03,0.81,0.65,0.16,0.21,0.04
79,-9,Bosnia and Herzegovina,Central and East Europe,2016,5.16,0.93,0.64,0.71,0.1,0.3,0
80,3,Montenegro,Central and East Europe,2016,5.16,1.08,0.74,0.64,0.15,0.17,0.13
81,-8,Dominican Republic,Latin America and Caribbean,2016,5.16,1.03,0.99,0.58,0.52,0.21,0.12
82,-3,Morocco,Middle East and North Africa,2016,5.15,0.84,0.39,0.59,0.26,0.04,0.08
83,-10,Hungary,Central and East Europe,2016,5.15,1.24,0.93,0.68,0.2,0.1,0.04
84,9,Pakistan,South Asia,2016,5.13,0.69,0.26,0.4,0.15,0.31,0.14
85,-7,Lebanon,Middle East and North Africa,2016,5.13,1.12,0.64,0.76,0.26,0.24,0.03
86,4,Portugal,Western Europe,2016,5.12,1.28,0.94,0.79,0.45,0.12,0.02
87,17,Vietnam,Southeast Asia,2016,5.06,0.74,0.79,0.66,0.56,0.25,0.12
88,-8,Tunisia,Middle East and North Africa,2016,5.05,0.98,0.43,0.6,0.24,0.04,0.08
89,-2,Greece,Western Europe,2016,5.03,1.25,0.75,0.8,0.06,0,0.04
90,-5,Tajikistan,Central and East Europe,2016,5,0.49,0.76,0.53,0.43,0.26,0.14
91,1,Mongolia,East Asia,2016,4.91,0.99,1.09,0.55,0.36,0.35,0.03
92,19,Nigeria,Sub-Saharan Africa,2016,4.88,0.75,0.64,0.05,0.28,0.23,0.03
93,-1,Honduras,Latin America and Caribbean,2016,4.87,0.69,0.76,0.58,0.27,0.2,0.07
94,-5,Iran,Middle East and North Africa,2016,4.81,1.12,0.39,0.64,0.23,0.39,0.06
95,16,Zambia,Sub-Saharan Africa,2016,4.8,0.61,0.64,0.24,0.43,0.18,0.11
96,-11,Nepal,South Asia,2016,4.79,0.45,0.7,0.5,0.37,0.38,0.07
98,11,Albania,Central and East Europe,2016,4.66,0.96,0.5,0.73,0.32,0.17,0.05
99,1,Bangladesh,South Asia,2016,4.64,0.54,0.25,0.53,0.4,0.19,0.13
100,-9,Sierra Leone,Sub-Saharan Africa,2016,4.64,0.36,0.63,0,0.31,0.24,0.08
101,0,Iraq,Middle East and North Africa,2016,4.58,1.07,0.59,0.51,0.25,0.2,0.14
102,-17,Cameroon,Sub-Saharan Africa,2016,4.51,0.52,0.63,0.13,0.43,0.23,0.06
103,-5,Ethiopia,Sub-Saharan Africa,2016,4.51,0.29,0.38,0.35,0.37,0.3,0.17
104,2,South Africa,Sub-Saharan Africa,2016,4.46,1.02,0.96,0.19,0.42,0.14,0.08
105,-13,Sri Lanka,South Asia,2016,4.42,0.97,0.85,0.62,0.51,0.47,0.08
106,0,India,South Asia,2016,4.4,0.74,0.29,0.45,0.4,0.25,0.09
107,-8,Myanmar,Southeast Asia,2016,4.4,0.34,0.7,0.4,0.43,0.82,0.2
108,-13,Egypt,Middle East and North Africa,2016,4.36,0.95,0.5,0.52,0.19,0.13,0.1
109,-4,Armenia,Central and East Europe,2016,4.36,0.86,0.62,0.64,0.14,0.08,0.04
110,-1,Kenya,Sub-Saharan Africa,2016,4.36,0.52,0.76,0.3,0.41,0.41,0.07
111,11,Ukraine,Central and East Europe,2016,4.32,0.87,1.01,0.59,0.13,0.2,0.02
112,9,Ghana,Sub-Saharan Africa,2016,4.28,0.63,0.49,0.3,0.41,0.21,0.03
113,-3,Georgia,Central and East Europe,2016,4.25,0.84,0.19,0.64,0.32,0.07,0.32
114,-10,Congo,Sub-Saharan Africa,2016,4.24,0.77,0.48,0.28,0.38,0.12,0.1
115,-11,Senegal,Sub-Saharan Africa,2016,4.22,0.44,0.77,0.4,0.31,0.19,0.12
116,-4,Bulgaria,Central and East Europe,2016,4.22,1.11,0.93,0.68,0.21,0.13,0.01
117,7,Mauritania,Sub-Saharan Africa,2016,4.2,0.61,0.84,0.29,0.13,0.23,0.18
118,14,Zimbabwe,Sub-Saharan Africa,2016,4.19,0.35,0.71,0.16,0.25,0.19,0.09
119,2,Malawi,Sub-Saharan Africa,2016,4.16,0.09,0.15,0.29,0.41,0.31,0.08
120,-7,Gabon,Sub-Saharan Africa,2016,4.12,1.16,0.72,0.35,0.28,0.06,0.09
121,-2,Mali,Sub-Saharan Africa,2016,4.07,0.31,0.86,0.16,0.28,0.21,0.14
122,8,Botswana,Sub-Saharan Africa,2016,3.97,1.09,0.89,0.35,0.44,0.12,0.11
123,-11,Ivory Coast,Sub-Saharan Africa,2016,3.92,0.56,0.58,0.04,0.41,0.2,0.16
124,-5,Cambodia,Southeast Asia,2016,3.91,0.56,0.54,0.42,0.59,0.4,0.08
125,-3,Niger,Sub-Saharan Africa,2016,3.86,0.13,0.61,0.26,0.38,0.21,0.17
126,-6,Chad,Sub-Saharan Africa,2016,3.76,0.42,0.63,0.04,0.13,0.19,0.05
127,-8,Burkina Faso,Sub-Saharan Africa,2016,3.74,0.32,0.63,0.21,0.33,0.24,0.13
128,3,Uganda,Sub-Saharan Africa,2016,3.74,0.35,0.91,0.2,0.44,0.27,0.06
129,7,Yemen,Middle East and North Africa,2016,3.72,0.58,0.47,0.31,0.23,0.1,0.06
130,-1,Madagascar,Sub-Saharan Africa,2016,3.7,0.28,0.46,0.37,0.14,0.22,0.08
131,1,Tanzania,Sub-Saharan Africa,2016,3.67,0.47,0.78,0.36,0.32,0.31,0.05
132,27,Liberia,Sub-Saharan Africa,2016,3.62,0.11,0.5,0.23,0.26,0.24,0.05
133,0,Guinea,Sub-Saharan Africa,2016,3.61,0.22,0.31,0.19,0.31,0.3,0.12
134,-3,Rwanda,Sub-Saharan Africa,2016,3.52,0.33,0.62,0.32,0.54,0.24,0.51
135,-3,Benin,Sub-Saharan Africa,2016,3.48,0.39,0.1,0.21,0.4,0.2,0.07
136,0,Afghanistan,South Asia,2016,3.36,0.38,0.11,0.17,0.16,0.31,0.07
137,-2,Togo,Sub-Saharan Africa,2016,3.3,0.28,0,0.25,0.35,0.18,0.12
1,-3,Norway,Western Europe,2017,7.54,1.62,1.53,0.8,0.64,0.36,0.32
2,1,Denmark,Western Europe,2017,7.52,1.48,1.55,0.79,0.63,0.36,0.4
3,0,Iceland,Western Europe,2017,7.5,1.48,1.61,0.83,0.63,0.48,0.15
4,2,Switzerland,Western Europe,2017,7.49,1.56,1.52,0.86,0.62,0.29,0.37
5,0,Finland,Western Europe,2017,7.47,1.44,1.54,0.81,0.62,0.25,0.38
6,-1,Netherlands,Western Europe,2017,7.38,1.5,1.43,0.81,0.59,0.47,0.28
7,1,Canada,North America,2017,7.32,1.48,1.48,0.83,0.61,0.44,0.29
8,0,New Zealand,Australia and New Zealand,2017,7.31,1.41,1.55,0.82,0.61,0.5,0.38
9,-1,Sweden,Western Europe,2017,7.28,1.49,1.48,0.83,0.61,0.39,0.38
10,1,Australia,Australia and New Zealand,2017,7.28,1.48,1.51,0.84,0.6,0.48,0.3
11,0,Israel,Middle East and North Africa,2017,7.21,1.38,1.38,0.84,0.41,0.33,0.09
12,-2,Costa Rica,Latin America and Caribbean,2017,7.08,1.11,1.42,0.76,0.58,0.21,0.1
13,1,Austria,Western Europe,2017,7.01,1.49,1.46,0.82,0.57,0.32,0.22
14,1,United States,North America,2017,6.99,1.55,1.42,0.77,0.51,0.39,0.14
15,-3,Ireland,Western Europe,2017,6.98,1.54,1.56,0.81,0.57,0.43,0.3
16,1,Germany,Western Europe,2017,6.95,1.49,1.47,0.8,0.56,0.34,0.28
17,0,Belgium,Western Europe,2017,6.89,1.46,1.46,0.82,0.54,0.23,0.25
18,-1,Luxembourg,Western Europe,2017,6.86,1.74,1.46,0.85,0.6,0.28,0.32
19,-3,United Kingdom,Western Europe,2017,6.71,1.44,1.5,0.81,0.51,0.49,0.27
20,-3,Chile,Latin America and Caribbean,2017,6.65,1.25,1.28,0.82,0.38,0.33,0.08
21,-6,United Arab Emirates,Middle East and North Africa,2017,6.65,1.63,1.27,0.73,0.61,0.36,0.32
22,6,Brazil,Latin America and Caribbean,2017,6.64,1.11,1.43,0.62,0.44,0.16,0.11
23,-3,Czech Republic,Central and East Europe,2017,6.61,1.35,1.43,0.75,0.49,0.09,0.04
24,-1,Argentina,Latin America and Caribbean,2017,6.6,1.19,1.44,0.7,0.49,0.11,0.06
25,5,Mexico,Latin America and Caribbean,2017,6.58,1.15,1.21,0.71,0.41,0.12,0.13
26,5,Singapore,Southeast Asia,2017,6.57,1.69,1.35,0.95,0.55,0.35,0.46
27,-2,Malta,Western Europe,2017,6.53,1.34,1.49,0.82,0.59,0.57,0.15
28,0,Uruguay,Latin America and Caribbean,2017,6.45,1.22,1.41,0.72,0.58,0.18,0.18
29,-8,Guatemala,Latin America and Caribbean,2017,6.45,0.87,1.26,0.54,0.53,0.28,0.08
30,6,Panama,Latin America and Caribbean,2017,6.45,1.23,1.37,0.71,0.55,0.21,0.07
31,0,France,Western Europe,2017,6.44,1.43,1.39,0.84,0.47,0.13,0.17
32,0,Thailand,Southeast Asia,2017,6.42,1.13,1.43,0.65,0.58,0.57,0.03
33,-1,Taiwan,East Asia,2017,6.42,1.43,1.38,0.79,0.36,0.26,0.06
34,-1,Spain,Western Europe,2017,6.4,1.38,1.53,0.89,0.41,0.19,0.07
35,5,Colombia,Latin America and Caribbean,2017,6.36,1.07,1.4,0.6,0.48,0.15,0.05
36,3,Saudi Arabia,Middle East and North Africa,2017,6.34,1.53,1.29,0.59,0.45,0.15,0.27
37,-1,Kuwait,Middle East and North Africa,2017,6.11,1.63,1.26,0.63,0.5,0.23,0.22
38,-3,Slovakia,Central and East Europe,2017,6.1,1.33,1.51,0.71,0.3,0.14,0.02
39,0,Bahrain,Middle East and North Africa,2017,6.09,1.49,1.32,0.65,0.54,0.17,0.26
40,-3,Malaysia,Southeast Asia,2017,6.08,1.29,1.28,0.62,0.4,0.42,0.07
41,-3,Nicaragua,Latin America and Caribbean,2017,6.07,0.74,1.29,0.65,0.45,0.3,0.13
42,-5,Ecuador,Latin America and Caribbean,2017,6.01,1,1.29,0.69,0.46,0.15,0.14
43,1,El Salvador,Latin America and Caribbean,2017,6,0.91,1.18,0.6,0.43,0.08,0.09
44,-8,Poland,Central and East Europe,2017,5.97,1.29,1.45,0.7,0.52,0.16,0.06
45,0,Uzbekistan,Central and East Europe,2017,5.97,0.79,1.55,0.5,0.66,0.42,0.25
46,0,Italy,Western Europe,2017,5.96,1.4,1.44,0.85,0.26,0.17,0.03
47,-4,Russia,Central and East Europe,2017,5.96,1.28,1.47,0.55,0.37,0.05,0.03
48,0,Japan,East Asia,2017,5.92,1.42,1.44,0.91,0.51,0.12,0.16
49,-6,Lithuania,Central and East Europe,2017,5.9,1.31,1.47,0.63,0.23,0.01,0.01
50,14,Algeria,Middle East and North Africa,2017,5.87,1.09,1.15,0.62,0.23,0.07,0.15
51,-11,Latvia,Central and East Europe,2017,5.85,1.26,1.4,0.64,0.33,0.15,0.07
52,-1,South Korea,East Asia,2017,5.84,1.4,1.13,0.9,0.26,0.21,0.06
53,3,Moldova,Central and East Europe,2017,5.84,0.73,1.25,0.59,0.24,0.21,0.01
54,-11,Romania,Central and East Europe,2017,5.82,1.22,1.15,0.69,0.46,0.13,0
55,1,Bolivia,Latin America and Caribbean,2017,5.82,0.83,1.23,0.47,0.56,0.23,0.06
56,-3,Turkmenistan,Central and East Europe,2017,5.82,1.13,1.49,0.44,0.42,0.25,0.26
57,8,Kazakhstan,Central and East Europe,2017,5.82,1.28,1.38,0.61,0.44,0.2,0.12
58,1,Slovenia,Central and East Europe,2017,5.76,1.34,1.45,0.79,0.57,0.24,0.05
59,1,Peru,Latin America and Caribbean,2017,5.72,1.04,1.22,0.63,0.45,0.13,0.05
60,0,Mauritius,Sub-Saharan Africa,2017,5.63,1.19,1.21,0.64,0.49,0.36,0.04
61,-2,Cyprus,Western Europe,2017,5.62,1.36,1.13,0.84,0.36,0.27,0.04
62,-4,Estonia,Central and East Europe,2017,5.61,1.32,1.48,0.7,0.48,0.1,0.18
63,7,Belarus,Central and East Europe,2017,5.57,1.16,1.44,0.64,0.3,0.16,0.16
64,3,Libya,Middle East and North Africa,2017,5.53,1.1,1.36,0.52,0.47,0.15,0.09
65,-6,Turkey,Middle East and North Africa,2017,5.5,1.2,1.34,0.64,0.3,0.05,0.1
66,2,Paraguay,Latin America and Caribbean,2017,5.49,0.93,1.51,0.58,0.47,0.22,0.09
71,2,Hong Kong,East Asia,2017,5.47,5.39,1.55,1.26,0.94,0.49,0.37
68,-7,Philippines,Southeast Asia,2017,5.43,0.86,1.25,0.47,0.59,0.19,0.1
69,-9,Serbia,Central and East Europe,2017,5.39,1.07,1.26,0.65,0.21,0.22,0.04
70,-3,Jordan,Middle East and North Africa,2017,5.34,0.99,1.24,0.6,0.42,0.17,0.12
71,-12,Hungary,Central and East Europe,2017,5.32,1.29,1.34,0.69,0.18,0.08,0.04
72,5,Jamaica,Latin America and Caribbean,2017,5.31,0.93,1.37,0.64,0.47,0.23,0.06
73,5,Croatia,Central and East Europe,2017,5.29,1.22,0.97,0.7,0.26,0.25,0.04
74,4,Kosovo,Central and East Europe,2017,5.28,0.95,1.14,0.54,0.26,0.32,0.06
75,-1,China,East Asia,2017,5.27,1.08,1.16,0.74,0.47,0.03,0.02
76,-8,Pakistan,South Asia,2017,5.27,0.73,0.67,0.4,0.24,0.32,0.12
77,5,Indonesia,Southeast Asia,2017,5.26,1,1.27,0.49,0.44,0.61,0.02
78,38,Venezuela,Latin America and Caribbean,2017,5.25,1.13,1.43,0.62,0.15,0.07,0.06
79,-1,Montenegro,Central and East Europe,2017,5.24,1.12,1.24,0.67,0.19,0.2,0.09
80,-2,Morocco,Middle East and North Africa,2017,5.24,0.88,0.77,0.6,0.41,0.03,0.09
81,7,Azerbaijan,Central and East Europe,2017,5.23,1.15,1.15,0.54,0.4,0.05,0.18
82,1,Dominican Republic,Latin America and Caribbean,2017,5.23,1.08,1.4,0.57,0.55,0.19,0.11
83,-6,Greece,Western Europe,2017,5.23,1.29,1.24,0.81,0.1,0,0.04
84,-1,Lebanon,Middle East and North Africa,2017,5.22,1.07,1.13,0.74,0.29,0.26,0.04
85,-1,Portugal,Western Europe,2017,5.2,1.32,1.37,0.8,0.5,0.1,0.02
86,7,Bosnia and Herzegovina,Central and East Europe,2017,5.18,0.98,1.07,0.71,0.2,0.33,0
87,-6,Honduras,Latin America and Caribbean,2017,5.18,0.73,1.14,0.58,0.35,0.24,0.07
88,1,Vietnam,Southeast Asia,2017,5.07,0.79,1.28,0.65,0.57,0.23,0.09
89,-3,Nigeria,Sub-Saharan Africa,2017,5.07,0.78,1.22,0.06,0.39,0.23,0.03
90,0,Tajikistan,Central and East Europe,2017,5.04,0.52,1.27,0.53,0.47,0.25,0.15
91,14,Kyrgyzstan,Central and East Europe,2017,5,0.6,1.39,0.55,0.45,0.43,0.04
92,-4,Nepal,South Asia,2017,4.96,0.48,1.18,0.5,0.44,0.39,0.07
93,2,Mongolia,East Asia,2017,4.95,1.03,1.49,0.56,0.39,0.34,0.03
94,-10,South Africa,Sub-Saharan Africa,2017,4.83,1.05,1.38,0.19,0.48,0.14,0.07
95,7,Tunisia,Middle East and North Africa,2017,4.8,1.01,0.87,0.61,0.29,0.05,0.09
97,-11,Egypt,Middle East and North Africa,2017,4.74,0.99,1,0.52,0.28,0.13,0.11
98,-18,Bulgaria,Central and East Europe,2017,4.71,1.16,1.43,0.71,0.29,0.11,0.01
99,-1,Sierra Leone,Sub-Saharan Africa,2017,4.71,0.37,0.98,0.01,0.32,0.29,0.07
100,-2,Cameroon,Sub-Saharan Africa,2017,4.7,0.56,0.95,0.13,0.43,0.24,0.05
101,7,Iran,Middle East and North Africa,2017,4.69,1.16,0.71,0.64,0.25,0.39,0.05
102,4,Albania,Central and East Europe,2017,4.64,1,0.8,0.73,0.38,0.2,0.04
103,4,Bangladesh,South Asia,2017,4.61,0.59,0.74,0.53,0.48,0.17,0.12
104,-6,Kenya,Sub-Saharan Africa,2017,4.55,0.56,1.07,0.31,0.45,0.44,0.06
106,-1,Myanmar,Southeast Asia,2017,4.55,0.37,1.12,0.4,0.51,0.84,0.19
107,-8,Senegal,Sub-Saharan Africa,2017,4.53,0.48,1.18,0.41,0.38,0.18,0.12
108,13,Zambia,Sub-Saharan Africa,2017,4.51,0.64,1,0.26,0.46,0.25,0.08
109,8,Iraq,Middle East and North Africa,2017,4.5,1.1,0.98,0.5,0.29,0.2,0.11
110,-10,Gabon,Sub-Saharan Africa,2017,4.47,1.2,1.16,0.36,0.31,0.04,0.08
111,8,Ethiopia,Sub-Saharan Africa,2017,4.46,0.34,0.86,0.35,0.41,0.31,0.17
112,7,Sri Lanka,South Asia,2017,4.44,1.01,1.26,0.63,0.56,0.49,0.07
113,4,Armenia,Central and East Europe,2017,4.38,0.9,1.01,0.64,0.2,0.08,0.03
114,8,India,South Asia,2017,4.32,0.79,0.75,0.46,0.47,0.23,0.09
115,-2,Mauritania,Sub-Saharan Africa,2017,4.29,0.65,1.27,0.29,0.1,0.2,0.14
116,2,Congo,Sub-Saharan Africa,2017,4.29,0.81,0.83,0.29,0.44,0.12,0.08
117,4,Georgia,Central and East Europe,2017,4.29,0.95,0.57,0.65,0.31,0.05,0.25
118,-3,Mali,Sub-Saharan Africa,2017,4.19,0.48,1.28,0.17,0.31,0.18,0.1
119,-4,Ivory Coast,Sub-Saharan Africa,2017,4.18,0.6,0.9,0.05,0.45,0.2,0.13
120,-4,Cambodia,Southeast Asia,2017,4.17,0.6,1.01,0.43,0.63,0.39,0.07
121,9,Ghana,Sub-Saharan Africa,2017,4.12,0.67,0.87,0.3,0.42,0.26,0.03
122,11,Ukraine,Central and East Europe,2017,4.1,0.89,1.39,0.58,0.12,0.27,0.02
123,-5,Uganda,Sub-Saharan Africa,2017,4.08,0.38,1.13,0.22,0.44,0.33,0.06
124,-3,Burkina Faso,Sub-Saharan Africa,2017,4.03,0.35,1.04,0.22,0.32,0.25,0.12
125,0,Niger,Sub-Saharan Africa,2017,4.03,0.16,0.99,0.27,0.36,0.23,0.14
126,7,Malawi,Sub-Saharan Africa,2017,3.97,0.23,0.51,0.32,0.47,0.29,0.07
127,1,Chad,Sub-Saharan Africa,2017,3.94,0.44,0.95,0.04,0.16,0.22,0.05
128,10,Zimbabwe,Sub-Saharan Africa,2017,3.88,0.38,1.08,0.2,0.34,0.19,0.1
129,-7,Afghanistan,South Asia,2017,3.79,0.4,0.58,0.18,0.11,0.31,0.06
130,8,Botswana,Sub-Saharan Africa,2017,3.77,1.12,1.22,0.34,0.51,0.1,0.1
131,-4,Benin,Sub-Saharan Africa,2017,3.66,0.43,0.44,0.21,0.43,0.21,0.06
132,2,Madagascar,Sub-Saharan Africa,2017,3.64,0.31,0.91,0.38,0.19,0.21,0.07
133,4,Yemen,Middle East and North Africa,2017,3.59,0.59,0.94,0.31,0.25,0.1,0.06
134,2,Liberia,Sub-Saharan Africa,2017,3.53,0.12,0.87,0.23,0.33,0.27,0.04
135,2,Guinea,Sub-Saharan Africa,2017,3.51,0.24,0.79,0.19,0.35,0.26,0.11
136,-1,Togo,Sub-Saharan Africa,2017,3.49,0.31,0.43,0.25,0.38,0.2,0.1
137,3,Rwanda,Sub-Saharan Africa,2017,3.47,0.37,0.95,0.33,0.58,0.25,0.46
138,7,Tanzania,Sub-Saharan Africa,2017,3.35,0.51,1.04,0.36,0.39,0.35,0.07
1,-4,Finland,Western Europe,2018,7.63,1.31,1.59,0.87,0.68,0.2,0.39
2,1,Norway,Western Europe,2018,7.59,1.46,1.58,0.86,0.69,0.29,0.34
3,1,Denmark,Western Europe,2018,7.56,1.35,1.59,0.87,0.68,0.28,0.41
4,1,Iceland,Western Europe,2018,7.5,1.34,1.64,0.91,0.68,0.35,0.14
5,1,Switzerland,Western Europe,2018,7.49,1.42,1.55,0.93,0.66,0.26,0.36
6,0,Netherlands,Western Europe,2018,7.44,1.36,1.49,0.88,0.64,0.33,0.3
7,0,Canada,North America,2018,7.33,1.33,1.53,0.9,0.65,0.32,0.29
8,0,New Zealand,Australia and New Zealand,2018,7.32,1.27,1.6,0.88,0.67,0.37,0.39
9,0,Sweden,Western Europe,2018,7.31,1.36,1.5,0.91,0.66,0.29,0.38
10,0,Australia,Australia and New Zealand,2018,7.27,1.34,1.57,0.91,0.65,0.36,0.3
11,-8,United Kingdom,Western Europe,2018,7.19,1.24,1.43,0.89,0.46,0.26,0.08
12,-1,Austria,Western Europe,2018,7.14,1.34,1.5,0.89,0.62,0.24,0.22
13,1,Costa Rica,Latin America and Caribbean,2018,7.07,1.01,1.46,0.82,0.63,0.14,0.1
14,-1,Ireland,Western Europe,2018,6.98,1.45,1.58,0.88,0.61,0.31,0.31
15,-1,Germany,Western Europe,2018,6.97,1.34,1.47,0.86,0.59,0.27,0.28
16,-1,Belgium,Western Europe,2018,6.93,1.32,1.48,0.89,0.58,0.19,0.24
17,-1,Luxembourg,Western Europe,2018,6.91,1.58,1.52,0.9,0.63,0.2,0.32
18,4,United States,North America,2018,6.89,1.4,1.47,0.82,0.55,0.29,0.13
19,8,Israel,Middle East and North Africa,2018,6.81,1.3,1.56,0.88,0.53,0.35,0.27
20,-1,United Arab Emirates,Middle East and North Africa,2018,6.77,2.1,0.78,0.67,0.28,0.19,N/A
21,-2,Czech Republic,Central and East Europe,2018,6.71,1.23,1.49,0.85,0.54,0.06,0.03
22,-5,Malta,Western Europe,2018,6.63,1.27,1.53,0.88,0.65,0.38,0.14
23,-8,France,Western Europe,2018,6.49,1.29,1.47,0.91,0.52,0.1,0.18
24,-1,Mexico,Latin America and Caribbean,2018,6.49,1.04,1.25,0.76,0.48,0.07,0.1
25,5,Chile,Latin America and Caribbean,2018,6.48,1.13,1.33,0.81,0.43,0.2,0.06
26,-7,Taiwan,East Asia,2018,6.44,1.37,1.44,0.86,0.42,0.15,0.08
27,-3,Panama,Latin America and Caribbean,2018,6.43,1.11,1.44,0.76,0.6,0.13,0.06
28,6,Brazil,Latin America and Caribbean,2018,6.42,0.99,1.47,0.68,0.49,0.11,0.09
29,5,Argentina,Latin America and Caribbean,2018,6.39,1.07,1.47,0.74,0.57,0.06,0.05
30,1,Guatemala,Latin America and Caribbean,2018,6.38,0.78,1.27,0.61,0.6,0.18,0.07
31,3,Uruguay,Latin America and Caribbean,2018,6.38,1.09,1.46,0.77,0.63,0.13,0.16
32,-4,Saudi Arabia,Middle East and North Africa,2018,6.37,1.38,1.33,0.63,0.51,0.1,0.13
33,7,Singapore,Southeast Asia,2018,6.34,1.53,1.45,1.01,0.63,0.26,0.46
34,-6,Malaysia,Southeast Asia,2018,6.32,1.16,1.26,0.67,0.36,0.31,0.06
35,1,Spain,Western Europe,2018,6.31,1.25,1.54,0.97,0.45,0.14,0.07
36,1,Colombia,Latin America and Caribbean,2018,6.26,0.96,1.44,0.64,0.53,0.1,0.04
37,-1,Slovakia,Central and East Europe,2018,6.17,1.21,1.54,0.78,0.35,0.12,0.01
38,-5,El Salvador,Latin America and Caribbean,2018,6.17,0.81,1.23,0.64,0.46,0.07,0.08
39,-2,Nicaragua,Latin America and Caribbean,2018,6.14,0.67,1.32,0.7,0.53,0.21,0.13
40,-4,Poland,Central and East Europe,2018,6.12,1.18,1.45,0.78,0.55,0.11,0.06
41,2,Bahrain,Middle East and North Africa,2018,6.11,1.34,1.37,0.7,0.59,0.24,0.12
42,-3,Uzbekistan,Central and East Europe,2018,6.1,0.72,1.58,0.61,0.72,0.33,0.26
43,6,Kuwait,Middle East and North Africa,2018,6.08,1.47,1.3,0.68,0.55,0.17,0.11
44,12,Thailand,Southeast Asia,2018,6.07,1.02,1.42,0.71,0.64,0.36,0.03
45,-1,Italy,Western Europe,2018,6,1.26,1.5,0.95,0.28,0.14,0.03
46,4,Ecuador,Latin America and Caribbean,2018,5.97,0.89,1.33,0.74,0.56,0.11,0.12
47,-2,Lithuania,Central and East Europe,2018,5.95,1.2,1.53,0.72,0.35,0.03,0.01
48,-10,Slovenia,Central and East Europe,2018,5.95,1.22,1.51,0.86,0.63,0.16,0.05
49,-5,Romania,Central and East Europe,2018,5.95,1.12,1.22,0.73,0.53,0.09,0
50,-1,Latvia,Central and East Europe,2018,5.93,1.15,1.45,0.67,0.36,0.09,0.07
51,3,Japan,East Asia,2018,5.92,1.29,1.46,0.99,0.55,0.08,0.15
52,-8,Mauritius,Sub-Saharan Africa,2018,5.89,1.09,1.39,0.68,0.58,0.25,0.05
53,-19,Jamaica,Latin America and Caribbean,2018,5.89,0.82,1.49,0.69,0.58,0.1,0.03
54,2,South Korea,East Asia,2018,5.88,1.27,1.2,0.96,0.24,0.18,0.05
55,8,Russia,Central and East Europe,2018,5.81,1.15,1.48,0.6,0.4,0.07,0.03
56,-1,Kazakhstan,Central and East Europe,2018,5.79,1.14,1.52,0.63,0.45,0.15,0.12
57,-4,Cyprus,Western Europe,2018,5.76,1.23,1.19,0.91,0.42,0.2,0.04
58,3,Bolivia,Latin America and Caribbean,2018,5.75,0.75,1.22,0.51,0.61,0.14,0.05
59,-3,Estonia,Central and East Europe,2018,5.74,1.2,1.53,0.74,0.55,0.09,0.17
60,-6,Paraguay,Latin America and Caribbean,2018,5.68,0.84,1.52,0.62,0.54,0.16,0.07
61,2,Peru,Latin America and Caribbean,2018,5.66,0.93,1.25,0.67,0.53,0.09,0.03
62,-12,Kosovo,Central and East Europe,2018,5.66,0.86,1.23,0.58,0.45,0.27,0.02
63,10,Moldova,Central and East Europe,2018,5.64,0.66,1.3,0.62,0.23,0.17,0
64,8,Turkmenistan,Central and East Europe,2018,5.64,1.02,1.53,0.52,0.42,0.2,0.04
65,-6,Hungary,Central and East Europe,2018,5.62,1.17,1.4,0.73,0.26,0.06,0.02
66,2,Libya,Middle East and North Africa,2018,5.57,0.99,1.35,0.55,0.5,0.12,0.15
67,-1,Philippines,Southeast Asia,2018,5.52,0.78,1.31,0.51,0.64,0.12,0.11
68,-19,Honduras,Latin America and Caribbean,2018,5.5,0.62,1.21,0.62,0.46,0.2,0.07
69,6,Belarus,Central and East Europe,2018,5.48,1.04,1.5,0.7,0.31,0.1,0.15
70,5,Turkey,Middle East and North Africa,2018,5.48,1.15,1.38,0.69,0.32,0.11,0.11
71,-5,Pakistan,South Asia,2018,5.47,0.65,0.81,0.42,0.33,0.22,0.11
72,1,Hong Kong,East Asia,2018,5.43,1.41,1.29,1.03,0.52,0.25,0.29
73,-12,Portugal,Western Europe,2018,5.41,1.19,1.43,0.88,0.56,0.06,0.02
74,5,Serbia,Central and East Europe,2018,5.4,0.98,1.37,0.69,0.29,0.13,0.04
75,-8,Greece,Western Europe,2018,5.36,1.15,1.2,0.88,0.13,0,0.04
76,-8,Lebanon,Middle East and North Africa,2018,5.36,0.97,1.18,0.79,0.5,0.21,0.14
77,-2,Montenegro,Central and East Europe,2018,5.35,1.02,1.28,0.73,0.26,0.11,0.08
78,5,Croatia,Central and East Europe,2018,5.32,1.12,1.16,0.74,0.38,0.12,0.04
79,-3,Dominican Republic,Latin America and Caribbean,2018,5.3,0.98,1.44,0.61,0.58,0.12,0.11
80,30,Algeria,Middle East and North Africa,2018,5.3,0.98,1.15,0.69,0.08,0.06,0.14
81,1,Morocco,Middle East and North Africa,2018,5.25,0.78,0.8,0.67,0.46,0.03,0.07
82,7,China,East Asia,2018,5.25,0.99,1.14,0.8,0.6,0.03,0.1
83,2,Azerbaijan,Central and East Europe,2018,5.2,1.02,1.16,0.6,0.43,0.03,0.18
84,-6,Tajikistan,Central and East Europe,2018,5.2,0.47,1.17,0.6,0.29,0.19,0.03
85,15,Jordan,Middle East and North Africa,2018,5.16,0.82,1.27,0.65,0.47,0.13,0.13
86,-3,Nigeria,Sub-Saharan Africa,2018,5.16,0.69,1.17,0.05,0.46,0.2,0.03
87,-4,Kyrgyzstan,Central and East Europe,2018,5.13,0.53,1.42,0.59,0.54,0.28,0.04
88,2,Bosnia and Herzegovina,Central and East Europe,2018,5.13,0.92,1.08,0.76,0.28,0.22,0
89,-4,Mongolia,East Asia,2018,5.13,0.91,1.52,0.58,0.4,0.25,0.03
90,2,Vietnam,Southeast Asia,2018,5.1,0.72,1.37,0.7,0.62,0.18,0.08
91,14,Indonesia,Southeast Asia,2018,5.09,0.9,1.22,0.52,0.54,0.48,0.02
92,-8,Cameroon,Sub-Saharan Africa,2018,4.98,0.54,0.89,0.18,0.45,0.18,0.04
93,-5,Bulgaria,Central and East Europe,2018,4.93,1.05,1.52,0.71,0.36,0.06,0.01
94,2,Nepal,South Asia,2018,4.88,0.43,1.23,0.54,0.53,0.3,0.08
95,17,Venezuela,Latin America and Caribbean,2018,4.81,1,1.47,0.66,0.13,0.06,0.05
96,-14,Gabon,Sub-Saharan Africa,2018,4.76,1.04,1.16,0.4,0.36,0.03,0.05
98,4,South Africa,Sub-Saharan Africa,2018,4.72,0.94,1.41,0.33,0.52,0.1,0.06
99,-2,Iran,Middle East and North Africa,2018,4.71,1.06,0.77,0.69,0.46,0.28,0.13
100,-19,Ivory Coast,Sub-Saharan Africa,2018,4.67,0.54,0.87,0.08,0.47,0.15,0.1
101,-20,Ghana,Sub-Saharan Africa,2018,4.66,0.59,0.9,0.34,0.5,0.21,0.03
102,-5,Senegal,Sub-Saharan Africa,2018,4.63,0.43,1.12,0.43,0.41,0.14,0.08
103,8,Tunisia,Middle East and North Africa,2018,4.59,0.9,0.91,0.69,0.27,0.04,0.06
104,2,Albania,Central and East Europe,2018,4.59,0.92,0.82,0.79,0.42,0.15,0.03
105,6,Sierra Leone,Sub-Saharan Africa,2018,4.57,0.26,0.81,0,0.36,0.24,0.05
106,-10,Congo,Sub-Saharan Africa,2018,4.56,0.68,0.81,0.34,0.51,0.09,0.08
107,4,Bangladesh,South Asia,2018,4.5,0.53,0.85,0.58,0.58,0.15,0.14
108,-4,Sri Lanka,South Asia,2018,4.47,0.92,1.31,0.67,0.59,0.31,0.05
109,0,Iraq,Middle East and North Africa,2018,4.46,1.01,0.97,0.54,0.3,0.15,0.1
110,-8,Mali,Sub-Saharan Africa,2018,4.45,0.37,1.23,0.15,0.37,0.14,0.06
111,-9,Cambodia,Southeast Asia,2018,4.43,0.55,1.09,0.46,0.7,0.26,0.07
112,-12,Burkina Faso,Sub-Saharan Africa,2018,4.42,0.31,1.1,0.25,0.31,0.18,0.13
113,16,Egypt,Middle East and North Africa,2018,4.42,0.89,1.03,0.55,0.31,0.09,0.11
115,11,Kenya,Sub-Saharan Africa,2018,4.41,0.49,1.05,0.45,0.5,0.35,0.06
116,8,Zambia,Sub-Saharan Africa,2018,4.38,0.56,1.05,0.3,0.5,0.22,0.08
117,2,Mauritania,Sub-Saharan Africa,2018,4.36,0.56,1.25,0.29,0.13,0.13,0.09
118,7,Ethiopia,Sub-Saharan Africa,2018,4.35,0.31,0.95,0.39,0.45,0.22,0.15
119,2,Georgia,Central and East Europe,2018,4.34,0.85,0.59,0.64,0.38,0.04,0.22
120,7,Armenia,Central and East Europe,2018,4.32,0.82,0.99,0.67,0.26,0.08,0.03
121,15,Myanmar,Southeast Asia,2018,4.31,0.68,1.17,0.43,0.58,0.6,0.18
122,-5,Chad,Sub-Saharan Africa,2018,4.3,0.36,0.91,0.05,0.19,0.18,0.06
123,9,India,South Asia,2018,4.19,0.72,0.75,0.49,0.54,0.17,0.09
124,-1,Niger,Sub-Saharan Africa,2018,4.17,0.13,0.87,0.22,0.39,0.18,0.1
125,2,Uganda,Sub-Saharan Africa,2018,4.16,0.32,1.09,0.24,0.45,0.26,0.06
126,-5,Benin,Sub-Saharan Africa,2018,4.14,0.38,0.37,0.24,0.44,0.16,0.07
127,5,Ukraine,Central and East Europe,2018,4.1,0.79,1.41,0.61,0.16,0.19,0.01
128,-8,Togo,Sub-Saharan Africa,2018,4,0.26,0.47,0.25,0.43,0.16,0.1
129,-6,Guinea,Sub-Saharan Africa,2018,3.96,0.34,0.79,0.21,0.39,0.19,0.09
130,-2,Madagascar,Sub-Saharan Africa,2018,3.77,0.26,0.91,0.4,0.22,0.16,0.05
131,3,Zimbabwe,Sub-Saharan Africa,2018,3.69,0.36,1.09,0.25,0.41,0.13,0.1
132,3,Afghanistan,South Asia,2018,3.63,0.33,0.54,0.26,0.09,0.19,0.04
133,3,Botswana,Sub-Saharan Africa,2018,3.59,1.02,1.17,0.42,0.56,0.04,0.09
134,8,Malawi,Sub-Saharan Africa,2018,3.59,0.19,0.54,0.31,0.53,0.21,0.08
135,1,Liberia,Sub-Saharan Africa,2018,3.5,0.08,0.86,0.27,0.42,0.21,0.03
136,-1,Rwanda,Sub-Saharan Africa,2018,3.41,0.33,0.9,0.4,0.64,0.2,0.44
137,4,Yemen,Middle East and North Africa,2018,3.36,0.44,1.07,0.34,0.24,0.08,0.06
138,0,Tanzania,Sub-Saharan Africa,2018,3.3,0.46,0.99,0.38,0.48,0.27,0.1
1,0,Finland,Western Europe,2019,7.77,1.34,1.59,0.99,0.6,0.15,0.39
2,-1,Denmark,Western Europe,2019,7.6,1.38,1.57,1,0.59,0.25,0.41
3,1,Norway,Western Europe,2019,7.55,1.49,1.58,1.03,0.6,0.27,0.34
4,0,Iceland,Western Europe,2019,7.49,1.38,1.62,1.03,0.59,0.35,0.12
5,-1,Netherlands,Western Europe,2019,7.49,1.4,1.52,1,0.56,0.32,0.3
6,1,Switzerland,Western Europe,2019,7.48,1.45,1.53,1.05,0.57,0.26,0.34
7,-2,Sweden,Western Europe,2019,7.34,1.39,1.49,1.01,0.57,0.27,0.37
8,0,New Zealand,Australia and New Zealand,2019,7.31,1.3,1.56,1.03,0.59,0.33,0.38
9,2,Canada,North America,2019,7.28,1.37,1.51,1.04,0.58,0.29,0.31
10,-2,Austria,Western Europe,2019,7.25,1.38,1.48,1.02,0.53,0.24,0.23
11,1,Australia,Australia and New Zealand,2019,7.23,1.37,1.55,1.04,0.56,0.33,0.29
12,-1,Costa Rica,Latin America and Caribbean,2019,7.17,1.03,1.44,0.96,0.56,0.14,0.09
13,-6,Israel,Middle East and North Africa,2019,7.14,1.28,1.46,1.03,0.37,0.26,0.08
14,-3,Luxembourg,Western Europe,2019,7.09,1.61,1.48,1.01,0.53,0.19,0.32
15,4,United Kingdom,Western Europe,2019,7.05,1.33,1.54,1,0.45,0.35,0.28
16,2,Ireland,Western Europe,2019,7.02,1.5,1.55,1,0.52,0.3,0.31
17,2,Germany,Western Europe,2019,6.99,1.37,1.45,0.99,0.5,0.26,0.27
18,2,Belgium,Western Europe,2019,6.92,1.36,1.5,0.99,0.47,0.16,0.21
19,1,United States,North America,2019,6.89,1.43,1.46,0.87,0.45,0.28,0.13
20,-1,Czech Republic,Central and East Europe,2019,6.85,1.27,1.49,0.92,0.46,0.05,0.04
21,1,United Arab Emirates,Middle East and North Africa,2019,6.83,1.5,1.31,0.83,0.6,0.26,0.18
22,0,Malta,Western Europe,2019,6.73,1.3,1.52,1,0.56,0.38,0.15
23,-1,Mexico,Latin America and Caribbean,2019,6.6,1.07,1.32,0.86,0.43,0.07,0.07
24,1,France,Western Europe,2019,6.59,1.32,1.47,1.05,0.44,0.11,0.18
25,-1,Taiwan,East Asia,2019,6.45,1.37,1.43,0.91,0.35,0.24,0.1
26,1,Chile,Latin America and Caribbean,2019,6.44,1.16,1.37,0.92,0.36,0.19,0.06
27,-3,Guatemala,Latin America and Caribbean,2019,6.44,0.8,1.27,0.75,0.54,0.18,0.08
28,-4,Saudi Arabia,Middle East and North Africa,2019,6.38,1.4,1.36,0.8,0.44,0.08,0.13
29,-6,Spain,Western Europe,2019,6.35,1.29,1.48,1.06,0.36,0.15,0.08
30,3,Panama,Latin America and Caribbean,2019,6.32,1.15,1.44,0.91,0.52,0.11,0.05
31,3,Brazil,Latin America and Caribbean,2019,6.3,1,1.44,0.8,0.39,0.1,0.09
32,1,Uruguay,Latin America and Caribbean,2019,6.29,1.12,1.47,0.89,0.52,0.13,0.15
33,0,Singapore,Southeast Asia,2019,6.26,1.57,1.46,1.14,0.56,0.27,0.45
34,-4,El Salvador,Latin America and Caribbean,2019,6.25,0.79,1.24,0.79,0.43,0.09,0.07
35,-10,Italy,Western Europe,2019,6.22,1.29,1.49,1.04,0.23,0.16,0.03
36,-5,Bahrain,Middle East and North Africa,2019,6.2,1.36,1.37,0.87,0.54,0.26,0.11
37,0,Slovakia,Central and East Europe,2019,6.2,1.25,1.5,0.88,0.33,0.12,0.01
38,-2,Poland,Central and East Europe,2019,6.18,1.21,1.44,0.88,0.48,0.12,0.05
39,-3,Uzbekistan,Central and East Europe,2019,6.17,0.75,1.53,0.76,0.63,0.32,0.24
40,-7,Lithuania,Central and East Europe,2019,6.15,1.24,1.52,0.82,0.29,0.04,0.04
41,5,Colombia,Latin America and Caribbean,2019,6.13,0.99,1.41,0.84,0.47,0.1,0.03
42,-6,Slovenia,Central and East Europe,2019,6.12,1.26,1.52,0.95,0.56,0.14,0.06
43,4,Nicaragua,Latin America and Caribbean,2019,6.11,0.69,1.33,0.84,0.44,0.2,0.13
44,-18,Kosovo,Central and East Europe,2019,6.1,0.88,1.23,0.76,0.49,0.26,0.01
45,16,Argentina,Latin America and Caribbean,2019,6.09,1.09,1.43,0.88,0.47,0.07,0.05
46,-3,Romania,Central and East Europe,2019,6.07,1.16,1.23,0.83,0.46,0.08,0.01
47,-10,Cyprus,Western Europe,2019,6.05,1.26,1.22,1.04,0.41,0.19,0.04
48,2,Ecuador,Latin America and Caribbean,2019,6.03,0.91,1.31,0.87,0.5,0.13,0.09
49,6,Kuwait,Middle East and North Africa,2019,6.02,1.5,1.32,0.81,0.49,0.14,0.1
50,6,Thailand,Southeast Asia,2019,6.01,1.05,1.41,0.83,0.56,0.36,0.03
51,1,Latvia,Central and East Europe,2019,5.94,1.19,1.47,0.81,0.26,0.08,0.06
52,-2,South Korea,East Asia,2019,5.9,1.3,1.22,1.04,0.16,0.18,0.06
53,-6,Estonia,Central and East Europe,2019,5.89,1.24,1.53,0.87,0.5,0.1,0.16
54,1,Jamaica,Latin America and Caribbean,2019,5.89,0.83,1.48,0.83,0.49,0.11,0.03
55,3,Mauritius,Sub-Saharan Africa,2019,5.89,1.12,1.4,0.8,0.5,0.22,0.06
56,5,Japan,East Asia,2019,5.89,1.33,1.42,1.09,0.45,0.07,0.14
57,-11,Honduras,Latin America and Caribbean,2019,5.86,0.64,1.24,0.83,0.51,0.25,0.08
58,2,Kazakhstan,Central and East Europe,2019,5.81,1.17,1.51,0.73,0.41,0.15,0.1
59,1,Bolivia,Latin America and Caribbean,2019,5.78,0.78,1.21,0.71,0.51,0.14,0.06
60,-5,Hungary,Central and East Europe,2019,5.76,1.2,1.41,0.83,0.2,0.08,0.02
61,1,Paraguay,Latin America and Caribbean,2019,5.74,0.86,1.48,0.78,0.51,0.18,0.08
62,1,Peru,Latin America and Caribbean,2019,5.7,0.96,1.27,0.85,0.46,0.08,0.03
63,-10,Portugal,Western Europe,2019,5.69,1.22,1.43,1,0.51,0.05,0.03
64,-7,Pakistan,South Asia,2019,5.65,0.68,0.89,0.54,0.31,0.22,0.1
65,10,Russia,Central and East Europe,2019,5.65,1.18,1.45,0.73,0.33,0.08,0.03
66,-1,Philippines,Southeast Asia,2019,5.63,0.81,1.29,0.66,0.56,0.12,0.11
67,-7,Serbia,Central and East Europe,2019,5.6,1,1.38,0.85,0.28,0.14,0.04
68,5,Moldova,Central and East Europe,2019,5.53,0.69,1.33,0.74,0.25,0.18,0
69,3,Libya,Middle East and North Africa,2019,5.53,1.04,1.3,0.67,0.42,0.13,0.15
70,-7,Montenegro,Central and East Europe,2019,5.52,1.05,1.36,0.87,0.2,0.14,0.08
71,-13,Tajikistan,Central and East Europe,2019,5.47,0.49,1.1,0.72,0.39,0.23,0.14
72,-6,Croatia,Central and East Europe,2019,5.43,1.16,1.27,0.91,0.3,0.12,0.02
73,1,Hong Kong,East Asia,2019,5.43,1.44,1.28,1.12,0.44,0.26,0.29
74,-5,Dominican Republic,Latin America and Caribbean,2019,5.43,1.02,1.4,0.78,0.5,0.11,0.1
75,-13,Bosnia and Herzegovina,Central and East Europe,2019,5.39,0.95,1.21,0.85,0.21,0.26,0.01
76,6,Turkey,Middle East and North Africa,2019,5.37,1.18,1.36,0.81,0.2,0.08,0.11
77,43,Malaysia,Southeast Asia,2019,5.34,1.22,1.17,0.83,0.51,0.26,0.02
78,9,Belarus,Central and East Europe,2019,5.32,1.07,1.47,0.79,0.24,0.09,0.14
79,4,Greece,Western Europe,2019,5.29,1.18,1.16,1,0.07,0,0.03
80,-9,Mongolia,East Asia,2019,5.29,0.95,1.53,0.67,0.32,0.24,0.04
81,-5,Nigeria,Sub-Saharan Africa,2019,5.27,0.7,1.11,0.25,0.43,0.22,0.04
82,-5,Kyrgyzstan,Central and East Europe,2019,5.26,0.55,1.44,0.72,0.51,0.3,0.02
83,19,Turkmenistan,Central and East Europe,2019,5.25,1.05,1.54,0.66,0.39,0.24,0.03
84,4,Algeria,Middle East and North Africa,2019,5.21,1,1.16,0.79,0.09,0.07,0.11
85,4,Morocco,Middle East and North Africa,2019,5.21,0.8,0.78,0.78,0.42,0.04,0.08
86,3,Azerbaijan,Central and East Europe,2019,5.21,1.04,1.15,0.77,0.35,0.04,0.18
87,11,Lebanon,Middle East and North Africa,2019,5.2,0.99,1.22,0.82,0.22,0.17,0.03
88,-3,Indonesia,Southeast Asia,2019,5.19,0.93,1.2,0.66,0.49,0.5,0.03
89,7,China,East Asia,2019,5.19,1.03,1.13,0.89,0.52,0.06,0.1
90,0,Vietnam,Southeast Asia,2019,5.18,0.74,1.35,0.85,0.54,0.15,0.07
91,-1,Cameroon,Sub-Saharan Africa,2019,5.04,0.55,0.91,0.33,0.38,0.19,0.04
92,-1,Bulgaria,Central and East Europe,2019,5.01,1.09,1.51,0.82,0.31,0.08,0
93,-8,Ghana,Sub-Saharan Africa,2019,5,0.61,0.87,0.49,0.38,0.25,0.04
94,-6,Ivory Coast,Sub-Saharan Africa,2019,4.94,0.57,0.81,0.23,0.35,0.15,0.09
95,1,Nepal,South Asia,2019,4.91,0.45,1.23,0.68,0.44,0.29,0.09
96,11,Jordan,Middle East and North Africa,2019,4.91,0.84,1.23,0.82,0.38,0.11,0.13
97,-29,Benin,Sub-Saharan Africa,2019,4.88,0.39,0.44,0.4,0.35,0.18,0.08
98,-8,Congo,Sub-Saharan Africa,2019,4.81,0.67,0.8,0.51,0.37,0.11,0.09
99,3,Gabon,Sub-Saharan Africa,2019,4.8,1.06,1.18,0.57,0.3,0.04,0.06
100,2,South Africa,Sub-Saharan Africa,2019,4.72,0.96,1.35,0.47,0.39,0.13,0.06
101,-3,Albania,Central and East Europe,2019,4.72,0.95,0.85,0.87,0.38,0.18,0.03
102,7,Venezuela,Latin America and Caribbean,2019,4.71,0.96,1.43,0.81,0.15,0.06,0.05
103,-8,Cambodia,Southeast Asia,2019,4.7,0.57,1.12,0.64,0.61,0.23,0.06
105,3,Senegal,Sub-Saharan Africa,2019,4.68,0.45,1.13,0.57,0.29,0.15,0.07
106,-18,Niger,Sub-Saharan Africa,2019,4.63,0.14,0.77,0.37,0.32,0.19,0.1
107,-5,Burkina Faso,Sub-Saharan Africa,2019,4.59,0.33,1.06,0.38,0.26,0.18,0.11
108,-12,Armenia,Central and East Europe,2019,4.56,0.85,1.06,0.82,0.28,0.1,0.06
109,10,Iran,Middle East and North Africa,2019,4.55,1.1,0.84,0.79,0.31,0.27,0.13
110,-19,Guinea,Sub-Saharan Africa,2019,4.53,0.38,0.83,0.38,0.33,0.21,0.09
111,-8,Georgia,Central and East Europe,2019,4.52,0.89,0.67,0.75,0.35,0.04,0.16
112,-3,Kenya,Sub-Saharan Africa,2019,4.51,0.51,0.98,0.58,0.43,0.37,0.05
113,-4,Mauritania,Sub-Saharan Africa,2019,4.49,0.57,1.17,0.49,0.07,0.11,0.09
115,12,Tunisia,Middle East and North Africa,2019,4.46,0.92,1,0.82,0.17,0.06,0.06
116,9,Bangladesh,South Asia,2019,4.46,0.56,0.93,0.72,0.53,0.17,0.14
117,8,Iraq,Middle East and North Africa,2019,4.44,1.04,0.98,0.57,0.24,0.15,0.09
118,8,Mali,Sub-Saharan Africa,2019,4.39,0.39,1.11,0.31,0.33,0.15,0.05
119,14,Sierra Leone,Sub-Saharan Africa,2019,4.37,0.27,0.84,0.24,0.31,0.25,0.05
120,12,Sri Lanka,South Asia,2019,4.37,0.95,1.27,0.83,0.47,0.24,0.05
121,0,Myanmar,Southeast Asia,2019,4.36,0.71,1.18,0.56,0.53,0.57,0.17
122,0,Chad,Sub-Saharan Africa,2019,4.35,0.35,0.77,0.19,0.17,0.2,0.08
123,-4,Ukraine,Central and East Europe,2019,4.33,0.82,1.39,0.74,0.18,0.19,0.01
124,6,Ethiopia,Sub-Saharan Africa,2019,4.29,0.34,1.03,0.53,0.34,0.21,0.1
125,0,Uganda,Sub-Saharan Africa,2019,4.19,0.33,1.07,0.44,0.36,0.25,0.06
126,13,Egypt,Middle East and North Africa,2019,4.17,0.91,1.04,0.64,0.24,0.08,0.07
127,11,Zambia,Sub-Saharan Africa,2019,4.11,0.58,1.06,0.43,0.43,0.25,0.09
128,0,Togo,Sub-Saharan Africa,2019,4.09,0.28,0.57,0.41,0.29,0.18,0.09
129,6,India,South Asia,2019,4.02,0.76,0.77,0.59,0.5,0.2,0.09
130,-5,Liberia,Sub-Saharan Africa,2019,3.98,0.07,0.92,0.44,0.37,0.23,0.03
131,1,Madagascar,Sub-Saharan Africa,2019,3.93,0.27,0.92,0.56,0.15,0.17,0.04
132,1,Zimbabwe,Sub-Saharan Africa,2019,3.66,0.37,1.11,0.43,0.36,0.15,0.09
133,0,Botswana,Sub-Saharan Africa,2019,3.49,1.04,1.15,0.54,0.46,0.03,0.1
134,0,Malawi,Sub-Saharan Africa,2019,3.41,0.19,0.56,0.5,0.44,0.22,0.09
135,-2,Yemen,Middle East and North Africa,2019,3.38,0.29,1.16,0.46,0.14,0.11,0.08
136,0,Rwanda,Sub-Saharan Africa,2019,3.33,0.36,0.71,0.61,0.56,0.22,0.41
137,-1,Tanzania,Sub-Saharan Africa,2019,3.23,0.48,0.89,0.5,0.42,0.28,0.15
138,6,Afghanistan,South Asia,2019,3.2,0.35,0.52,0.36,0,0.16,0.03
138,0,Afghanistan,South Asia,2020,2.57,0.746,0.47,52.59,0.4,-0.1,0.93
100,-1,Albania,Central and East Europe,2020,4.88,0.942,0.67,68.71,0.78,-0.04,0.9
96,12,Algeria,Middle East and North Africa,2020,5.01,0.954,0.8,65.91,0.47,-0.12,0.74
54,9,Argentina,Latin America and Caribbean,2020,5.97,0.981,0.9,68.8,0.83,-0.19,0.84
110,2,Armenia,Central and East Europe,2020,4.68,0.91,0.76,66.75,0.71,-0.14,0.77
12,1,Australia,Australia and New Zealand,2020,7.22,1.072,0.94,73.6,0.92,0.19,0.42
9,-1,Austria,Western Europe,2020,7.29,1.074,0.93,73,0.9,0.09,0.5
86,0,Azerbaijan,Central and East Europe,2020,5.16,0.969,0.82,65.51,0.79,-0.24,0.55
40,4,Bahrain,Middle East and North Africa,2020,6.23,1.068,0.88,68.5,0.91,0.13,0.74
102,-14,Bangladesh,South Asia,2020,4.83,0.829,0.69,64.5,0.9,-0.03,0.66
74,-4,Belarus,Central and East Europe,2020,5.54,0.978,0.91,66.1,0.64,-0.16,0.64
20,2,Belgium,Western Europe,2020,6.86,1.067,0.91,72,0.81,-0.08,0.61
84,-13,Benin,Sub-Saharan Africa,2020,5.22,0.767,0.47,54.31,0.74,0,0.74
64,5,Bolivia,Latin America and Caribbean,2020,5.75,0.885,0.8,63.6,0.88,-0.09,0.82
68,-7,Bosnia and Herzegovina,Central and East Europe,2020,5.67,0.946,0.83,67.81,0.65,0.1,0.93
134,1,Botswana,Sub-Saharan Africa,2020,3.48,0.971,0.78,58.92,0.82,-0.25,0.78
32,1,Brazil,Latin America and Caribbean,2020,6.38,0.957,0.9,66.48,0.8,-0.1,0.77
92,0,Bulgaria,Central and East Europe,2020,5.1,0.987,0.94,66.8,0.75,-0.14,0.94
107,0,Burkina Faso,Sub-Saharan Africa,2020,4.77,0.747,0.71,53.89,0.67,-0.02,0.74
101,-2,Cambodia,Southeast Asia,2020,4.85,0.825,0.77,61.53,0.96,0.05,0.82
94,3,Cameroon,Sub-Saharan Africa,2020,5.08,0.812,0.7,52.7,0.76,0,0.85
11,2,Canada,North America,2020,7.23,1.069,0.93,73.6,0.93,0.12,0.39
120,-2,Chad,Sub-Saharan Africa,2020,4.42,0.747,0.63,48.22,0.59,0.02,0.8
39,13,Chile,Latin America and Caribbean,2020,6.23,1.003,0.88,69.9,0.74,-0.07,0.84
90,1,China,East Asia,2020,5.12,0.969,0.8,69.29,0.9,-0.18,0.75
43,2,Colombia,Latin America and Caribbean,2020,6.16,0.95,0.88,67.7,0.84,-0.16,0.86
85,-13,Congo,Sub-Saharan Africa,2020,5.19,0.854,0.64,57.92,0.72,-0.12,0.75
15,3,Costa Rica,Latin America and Caribbean,2020,7.12,0.966,0.9,71.3,0.93,-0.1,0.79
77,5,Croatia,Central and East Europe,2020,5.5,1.007,0.87,70.21,0.71,-0.13,0.92
44,-3,Cyprus,Western Europe,2020,6.16,1.041,0.81,73.7,0.78,0.04,0.86
19,-1,Czech Republic,Central and East Europe,2020,6.91,1.04,0.91,70.05,0.82,-0.23,0.86
2,0,Denmark,Western Europe,2020,7.65,1.077,0.96,72.4,0.95,0.07,0.17
67,-7,Dominican Republic,Latin America and Caribbean,2020,5.69,0.966,0.88,65.81,0.87,-0.13,0.76
57,9,Ecuador,Latin America and Caribbean,2020,5.93,0.925,0.84,68.5,0.86,-0.13,0.8
128,2,Egypt,Middle East and North Africa,2020,4.15,0.932,0.74,61.78,0.71,-0.2,0.79
34,0,El Salvador,Latin America and Caribbean,2020,6.35,0.891,0.81,66.11,0.83,-0.12,0.75
50,-3,Estonia,Central and East Europe,2020,6.02,1.034,0.93,68.6,0.88,-0.11,0.62
126,2,Ethiopia,Sub-Saharan Africa,2020,4.19,0.751,0.74,58.64,0.74,0.04,0.75
1,0,Finland,Western Europe,2020,7.81,1.064,0.95,71.9,0.95,-0.06,0.2
23,-1,France,Western Europe,2020,6.66,1.058,0.94,73.8,0.83,-0.13,0.58
103,4,Gabon,Sub-Saharan Africa,2020,4.83,0.968,0.79,59.72,0.7,-0.22,0.85
111,0,Georgia,Central and East Europe,2020,4.67,0.923,0.63,64.5,0.8,-0.23,0.67
17,0,Germany,Western Europe,2020,7.08,1.073,0.9,72.2,0.87,0.08,0.46
87,-6,Ghana,Sub-Saharan Africa,2020,5.15,0.835,0.73,57.2,0.79,0.09,0.85
75,-4,Greece,Western Europe,2020,5.51,1.013,0.81,72.41,0.54,-0.3,0.86
29,2,Guatemala,Latin America and Caribbean,2020,6.4,0.892,0.82,64.81,0.91,-0.04,0.78
98,-12,Guinea,Sub-Saharan Africa,2020,4.95,0.775,0.64,54.47,0.71,0.08,0.76
55,-2,Honduras,Latin America and Caribbean,2020,5.95,0.842,0.82,67.2,0.87,0.09,0.8
76,3,Hong Kong,East Asia,2020,5.51,1.093,0.85,76.77,0.78,0.13,0.42
52,-8,Hungary,Central and East Europe,2020,6,1.025,0.92,67.61,0.72,-0.19,0.89
4,0,Iceland,Western Europe,2020,7.5,1.077,0.97,73,0.95,0.25,0.71
131,2,India,South Asia,2020,3.57,0.885,0.59,60.22,0.88,0.06,0.77
82,-6,Indonesia,Southeast Asia,2020,5.29,0.937,0.81,62.16,0.87,0.52,0.88
112,3,Iran,Middle East and North Africa,2020,4.67,0.981,0.69,66.01,0.65,0.12,0.71
105,-12,Iraq,Middle East and North Africa,2020,4.78,0.966,0.75,59.9,0.63,-0.07,0.82
16,0,Ireland,Western Europe,2020,7.09,1.116,0.94,72.3,0.89,0.15,0.36
14,1,Israel,Middle East and North Africa,2020,7.13,1.042,0.91,73.2,0.75,0.1,0.78
30,-5,Italy,Western Europe,2020,6.39,1.048,0.89,73.6,0.66,-0.04,0.87
83,-11,Ivory Coast,Sub-Saharan Africa,2020,5.23,0.823,0.66,49.5,0.73,-0.04,0.79
59,5,Jamaica,Latin America and Caribbean,2020,5.89,0.901,0.92,67.1,0.86,-0.13,0.89
61,5,Japan,East Asia,2020,5.87,1.058,0.88,75,0.81,-0.25,0.65
113,17,Jordan,Middle East and North Africa,2020,4.63,0.903,0.8,66.8,0.75,-0.16,0.7
49,-9,Kazakhstan,Central and East Europe,2020,6.06,1.011,0.93,64.61,0.81,-0.07,0.76
115,3,Kenya,Sub-Saharan Africa,2020,4.58,0.803,0.7,60.1,0.83,0.29,0.83
35,-9,Kosovo,Central and East Europe,2020,6.33,0.92,0.82,63.89,0.86,0.19,0.92
47,-2,Kuwait,Middle East and North Africa,2020,6.1,1.109,0.85,66.77,0.87,-0.1,0.76
73,-9,Kyrgyzstan,Central and East Europe,2020,5.54,0.815,0.89,64.11,0.91,0.15,0.89
56,5,Latvia,Central and East Europe,2020,5.95,1.018,0.92,66.81,0.67,-0.19,0.8
106,19,Lebanon,Middle East and North Africa,2020,4.77,0.936,0.82,67.11,0.55,-0.06,0.9
117,-13,Liberia,Sub-Saharan Africa,2020,4.56,0.705,0.71,56.1,0.74,0.04,0.86
78,9,Libya,Middle East and North Africa,2020,5.49,0.979,0.83,62.3,0.77,-0.09,0.67
41,1,Lithuania,Central and East Europe,2020,6.22,1.034,0.93,67.29,0.75,-0.22,0.81
10,-4,Luxembourg,Western Europe,2020,7.24,1.145,0.91,72.6,0.91,0,0.37
127,-4,Madagascar,Sub-Saharan Africa,2020,4.17,0.728,0.67,59.11,0.56,-0.01,0.82
132,-2,Malawi,Sub-Saharan Africa,2020,3.54,0.706,0.54,57.59,0.8,0.02,0.73
80,3,Malaysia,Southeast Asia,2020,5.38,1.026,0.82,67.1,0.89,0.11,0.84
108,-10,Mali,Sub-Saharan Africa,2020,4.73,0.763,0.73,51.73,0.71,-0.04,0.84
22,0,Malta,Western Europe,2020,6.77,1.053,0.93,72.2,0.92,0.21,0.66
122,9,Mauritania,Sub-Saharan Africa,2020,4.37,0.823,0.79,57.01,0.55,-0.11,0.75
48,-7,Mauritius,Sub-Saharan Africa,2020,6.1,0.996,0.91,66.4,0.89,-0.02,0.81
24,1,Mexico,Latin America and Caribbean,2020,6.47,0.98,0.84,68.3,0.86,-0.18,0.81
69,1,Moldova,Central and East Europe,2020,5.61,0.878,0.84,65.01,0.72,-0.04,0.91
79,-1,Mongolia,East Asia,2020,5.46,0.941,0.94,62.3,0.69,0.1,0.86
71,1,Montenegro,Central and East Europe,2020,5.55,0.975,0.86,68.51,0.65,-0.08,0.78
93,8,Morocco,Middle East and North Africa,2020,5.09,0.894,0.59,65.9,0.77,-0.24,0.82
124,3,Myanmar,Southeast Asia,2020,4.31,0.868,0.78,58.96,0.9,0.56,0.65
88,-7,Nepal,South Asia,2020,5.14,0.793,0.79,63.78,0.8,0.15,0.74
6,1,Netherlands,Western Europe,2020,7.45,1.081,0.94,72.3,0.91,0.21,0.36
8,0,New Zealand,Australia and New Zealand,2020,7.3,1.05,0.95,73.2,0.94,0.19,0.22
45,2,Nicaragua,Latin America and Caribbean,2020,6.14,0.849,0.86,67.51,0.86,0.02,0.67
99,-7,Niger,Sub-Saharan Africa,2020,4.91,0.684,0.62,53.5,0.76,0.01,0.72
109,28,Nigeria,Sub-Saharan Africa,2020,4.72,0.858,0.74,49.86,0.76,0.03,0.86
5,2,Norway,Western Europe,2020,7.49,1.109,0.95,73.2,0.96,0.13,0.26
65,1,Pakistan,South Asia,2020,5.69,0.848,0.69,58.25,0.73,0.04,0.75
36,6,Panama,Latin America and Caribbean,2020,6.3,1.003,0.9,69.6,0.88,-0.15,0.85
66,5,Paraguay,Latin America and Caribbean,2020,5.69,0.939,0.9,65.64,0.89,0.01,0.83
62,0,Peru,Latin America and Caribbean,2020,5.8,0.946,0.83,68.1,0.82,-0.16,0.89
51,-15,Philippines,Southeast Asia,2020,6.01,0.899,0.85,61.93,0.92,-0.11,0.73
42,4,Poland,Central and East Europe,2020,6.19,1.027,0.87,69.31,0.86,-0.21,0.69
58,-5,Portugal,Western Europe,2020,5.91,1.026,0.89,72.4,0.89,-0.22,0.89
46,0,Romania,Central and East Europe,2020,6.12,1.011,0.83,67.21,0.84,-0.2,0.93
72,7,Russia,Central and East Europe,2020,5.55,1.013,0.9,64.1,0.73,-0.15,0.86
136,0,Rwanda,Sub-Saharan Africa,2020,3.31,0.76,0.54,61.1,0.9,0.06,0.18
27,-1,Saudi Arabia,Middle East and North Africa,2020,6.41,1.08,0.87,66.31,0.85,-0.17,0.68
97,-8,Senegal,Sub-Saharan Africa,2020,4.98,0.812,0.72,59.6,0.69,-0.05,0.81
63,-4,Serbia,Central and East Europe,2020,5.78,0.968,0.88,68.21,0.73,-0.07,0.84
129,10,Sierra Leone,Sub-Saharan Africa,2020,3.93,0.727,0.64,50.87,0.72,0.09,0.86
31,-2,Singapore,Southeast Asia,2020,6.38,1.14,0.91,76.8,0.93,0.03,0.11
37,0,Slovakia,Central and East Europe,2020,6.28,1.035,0.92,68.91,0.75,-0.12,0.92
33,-9,Slovenia,Central and East Europe,2020,6.36,1.039,0.94,71.1,0.94,-0.08,0.82
104,4,South Africa,Sub-Saharan Africa,2020,4.81,0.94,0.85,56.51,0.76,-0.11,0.84
60,8,South Korea,East Asia,2020,5.87,1.051,0.8,73.6,0.61,-0.04,0.79
28,-1,Spain,Western Europe,2020,6.4,1.046,0.92,74.4,0.75,-0.05,0.77
123,3,Sri Lanka,South Asia,2020,4.33,0.939,0.83,67.2,0.84,0.08,0.86
7,0,Sweden,Western Europe,2020,7.35,1.076,0.93,72.6,0.94,0.11,0.25
3,-3,Switzerland,Western Europe,2020,7.56,1.098,0.94,74.1,0.92,0.11,0.3
25,0,Taiwan,East Asia,2020,6.46,1.078,0.89,69.6,0.77,-0.07,0.73
70,-1,Tajikistan,Central and East Europe,2020,5.56,0.802,0.84,64.1,0.83,-0.03,0.59
135,-2,Tanzania,Sub-Saharan Africa,2020,3.48,0.797,0.69,57.5,0.82,0.11,0.62
53,3,Thailand,Southeast Asia,2020,6,0.974,0.89,67.25,0.91,0.27,0.89
125,-3,Togo,Sub-Saharan Africa,2020,4.19,0.736,0.55,54.72,0.65,0,0.76
121,6,Tunisia,Middle East and North Africa,2020,4.39,0.931,0.69,66.9,0.59,-0.22,0.87
89,13,Turkey,Middle East and North Africa,2020,5.13,1.013,0.83,66.9,0.61,-0.17,0.75
91,8,Turkmenistan,Central and East Europe,2020,5.12,0.975,0.96,62.21,0.83,0.19,0.88
119,-6,Uganda,Sub-Saharan Africa,2020,4.43,0.75,0.76,55.71,0.73,0.1,0.84
116,-7,Ukraine,Central and East Europe,2020,4.56,0.901,0.88,64.61,0.66,-0.03,0.92
21,0,United Arab Emirates,Middle East and North Africa,2020,6.79,1.111,0.85,67.08,0.94,0.12,0.59
13,-2,United Kingdom,Western Europe,2020,7.16,1.06,0.94,72.3,0.83,0.26,0.44
18,-1,United States,North America,2020,6.94,1.093,0.91,68.3,0.84,0.15,0.7
26,-6,Uruguay,Latin America and Caribbean,2020,6.44,0.995,0.92,69,0.89,-0.1,0.64
38,-1,Uzbekistan,Central and East Europe,2020,6.26,0.874,0.93,65.11,0.97,0.25,0.5
95,-7,Venezuela,Latin America and Caribbean,2020,5.05,0.898,0.89,66.51,0.62,-0.17,0.84
81,-9,Vietnam,Southeast Asia,2020,5.35,0.881,0.85,67.95,0.94,-0.09,0.8
133,-2,Yemen,Middle East and North Africa,2020,3.53,0.776,0.82,56.73,0.6,-0.16,0.8
130,3,Zambia,Sub-Saharan Africa,2020,3.76,0.822,0.7,55.3,0.81,0.08,0.8
137,5,Zimbabwe,Sub-Saharan Africa,2020,3.3,0.787,0.76,55.62,0.71,-0.07,0.81
1,0,Finland,Western Europe,2021,7.84,1.078,0.95,72,0.95,-0.1,0.19
2,0,Denmark,Western Europe,2021,7.62,1.093,0.95,72.7,0.95,0.03,0.18
3,0,Switzerland,Western Europe,2021,7.57,1.112,0.94,74.4,0.92,0.03,0.29
4,0,Iceland,Western Europe,2021,7.55,1.088,0.98,73,0.96,0.16,0.67
5,-1,Netherlands,Western Europe,2021,7.46,1.093,0.94,72.4,0.91,0.18,0.34
6,1,Norway,Western Europe,2021,7.39,1.105,0.95,73.3,0.96,0.09,0.27
7,0,Sweden,Western Europe,2021,7.36,1.087,0.93,72.7,0.95,0.09,0.24
8,-2,Luxembourg,Western Europe,2021,7.32,1.165,0.91,72.6,0.91,-0.03,0.39
9,1,New Zealand,Australia and New Zealand,2021,7.28,1.064,0.95,73.4,0.93,0.13,0.24
10,1,Austria,Western Europe,2021,7.27,1.091,0.93,73.3,0.91,0.04,0.48
11,-1,Australia,Australia and New Zealand,2021,7.18,1.08,0.94,73.9,0.91,0.16,0.44
12,-2,Israel,Middle East and North Africa,2021,7.16,1.058,0.94,73.5,0.8,0.03,0.75
13,-4,Germany,Western Europe,2021,7.16,1.087,0.9,72.5,0.88,0.01,0.46
14,3,Canada,North America,2021,7.1,1.078,0.93,73.8,0.92,0.09,0.42
15,-1,Ireland,Western Europe,2021,7.09,1.134,0.95,72.4,0.88,0.08,0.36
16,1,Costa Rica,Latin America and Caribbean,2021,7.07,0.988,0.89,71.4,0.93,-0.13,0.81
17,4,United Kingdom,Western Europe,2021,7.06,1.071,0.93,72.5,0.86,0.23,0.46
18,-1,Czech Republic,Central and East Europe,2021,6.97,1.056,0.95,70.81,0.86,-0.21,0.87
19,1,United States,North America,2021,6.95,1.102,0.92,68.2,0.84,0.1,0.7
20,0,Belgium,Western Europe,2021,6.83,1.082,0.91,72.2,0.78,-0.15,0.65
21,-2,France,Western Europe,2021,6.69,1.07,0.94,74,0.82,-0.15,0.57
22,-18,Bahrain,Middle East and North Africa,2021,6.65,1.067,0.86,69.5,0.93,0.09,0.72
23,1,Malta,Western Europe,2021,6.6,1.067,0.93,72.2,0.93,0.13,0.65
24,-1,Taiwan,East Asia,2021,6.58,1.087,0.9,69.6,0.78,-0.07,0.72
25,4,United Arab Emirates,Middle East and North Africa,2021,6.56,1.109,0.84,67.33,0.93,0.07,0.59
26,-1,Saudi Arabia,Middle East and North Africa,2021,6.49,1.074,0.89,66.6,0.88,-0.15,0.68
27,-1,Spain,Western Europe,2021,6.49,1.057,0.93,74.7,0.76,-0.08,0.75
28,-2,Italy,Western Europe,2021,6.48,1.062,0.88,73.8,0.69,-0.08,0.87
29,-4,Slovenia,Central and East Europe,2021,6.46,1.053,0.95,71.4,0.95,-0.1,0.81
30,1,Guatemala,Latin America and Caribbean,2021,6.44,0.905,0.81,64.96,0.91,-0.04,0.78
31,5,Uruguay,Latin America and Caribbean,2021,6.43,0.997,0.93,69.1,0.9,-0.09,0.59
32,1,Singapore,Southeast Asia,2021,6.38,1.149,0.92,76.95,0.93,-0.02,0.08
33,-2,Kosovo,Central and East Europe,2021,6.37,0.932,0.82,63.81,0.87,0.26,0.92
34,-3,Slovakia,Central and East Europe,2021,6.33,1.037,0.94,69.2,0.77,-0.12,0.91
35,3,Brazil,Latin America and Caribbean,2021,6.33,0.958,0.88,66.6,0.8,-0.07,0.76
36,12,Mexico,Latin America and Caribbean,2021,6.32,0.986,0.83,68.6,0.86,-0.15,0.8
37,-22,Jamaica,Latin America and Caribbean,2021,6.31,0.919,0.88,67.5,0.89,-0.14,0.88
38,-3,Lithuania,Central and East Europe,2021,6.26,1.05,0.94,67.91,0.77,-0.2,0.83
39,-5,Cyprus,Western Europe,2021,6.22,1.058,0.8,73.9,0.76,-0.02,0.84
40,-10,Estonia,Central and East Europe,2021,6.19,1.048,0.94,68.8,0.91,-0.11,0.53
41,5,Panama,Latin America and Caribbean,2021,6.18,1.035,0.9,69.65,0.87,-0.17,0.86
42,4,Uzbekistan,Central and East Europe,2021,6.18,0.884,0.92,65.26,0.97,0.31,0.52
43,4,Chile,Latin America and Caribbean,2021,6.17,1.007,0.88,70,0.74,-0.04,0.83
44,2,Poland,Central and East Europe,2021,6.17,1.038,0.9,69.7,0.84,-0.17,0.74
45,-4,Kazakhstan,Central and East Europe,2021,6.15,1.016,0.95,65.2,0.85,-0.07,0.73
46,0,Romania,Central and East Europe,2021,6.14,1.028,0.83,67.36,0.85,-0.22,0.94
47,0,Kuwait,Middle East and North Africa,2021,6.11,1.082,0.84,66.9,0.87,-0.1,0.74
48,-15,Serbia,Central and East Europe,2021,6.08,0.979,0.87,68.6,0.78,0,0.84
49,15,El Salvador,Latin America and Caribbean,2021,6.06,0.905,0.76,66.4,0.89,-0.11,0.69
50,2,Mauritius,Sub-Saharan Africa,2021,6.05,1.001,0.91,66.7,0.87,-0.05,0.79
51,-5,Latvia,Central and East Europe,2021,6.03,1.032,0.93,67.1,0.72,-0.16,0.8
52,9,Colombia,Latin America and Caribbean,2021,6.01,0.956,0.85,68,0.84,-0.14,0.84
53,1,Hungary,Central and East Europe,2021,5.99,1.036,0.94,68,0.76,-0.19,0.88
54,1,Thailand,Southeast Asia,2021,5.99,0.981,0.89,67.4,0.88,0.29,0.9
55,10,Nicaragua,Latin America and Caribbean,2021,5.97,0.862,0.86,67.66,0.84,0.02,0.66
56,-5,Japan,East Asia,2021,5.94,1.061,0.88,75.1,0.8,-0.26,0.64
57,3,Argentina,Latin America and Caribbean,2021,5.93,0.996,0.9,69,0.83,-0.18,0.83
58,0,Portugal,Western Europe,2021,5.93,1.042,0.88,72.6,0.89,-0.24,0.89
59,4,Honduras,Latin America and Caribbean,2021,5.92,0.865,0.81,67.3,0.86,0.08,0.81
60,-17,Croatia,Central and East Europe,2021,5.88,1.022,0.92,70.8,0.75,-0.12,0.94
61,10,Philippines,Southeast Asia,2021,5.88,0.908,0.83,62,0.92,-0.1,0.74
62,2,South Korea,East Asia,2021,5.85,1.065,0.8,73.9,0.67,-0.08,0.73
63,1,Peru,Latin America and Caribbean,2021,5.84,0.946,0.83,68.25,0.82,-0.15,0.89
64,-4,Bosnia and Herzegovina,Central and East Europe,2021,5.81,0.959,0.87,68.1,0.71,0.11,0.93
65,-4,Moldova,Central and East Europe,2021,5.77,0.945,0.86,65.7,0.82,-0.08,0.92
66,9,Ecuador,Latin America and Caribbean,2021,5.76,0.931,0.82,68.8,0.84,-0.12,0.84
67,-6,Kyrgyzstan,Central and East Europe,2021,5.74,0.854,0.89,64.4,0.94,0.12,0.91
68,-7,Greece,Western Europe,2021,5.72,1.028,0.82,72.6,0.58,-0.29,0.82
69,5,Bolivia,Latin America and Caribbean,2021,5.72,0.905,0.81,63.9,0.88,-0.08,0.84
70,-9,Mongolia,East Asia,2021,5.68,0.94,0.94,62.5,0.71,0.12,0.86
71,5,Paraguay,Latin America and Caribbean,2021,5.65,0.945,0.89,65.9,0.88,0.03,0.88
72,1,Montenegro,Central and East Europe,2021,5.58,0.994,0.86,68.7,0.71,-0.03,0.81
73,6,Dominican Republic,Latin America and Caribbean,2021,5.55,0.98,0.85,66.1,0.86,-0.13,0.71
74,0,Belarus,Central and East Europe,2021,5.53,0.985,0.91,66.25,0.65,-0.18,0.63
75,3,Russia,Central and East Europe,2021,5.48,1.019,0.9,64.7,0.72,-0.11,0.85
76,0,Hong Kong,East Asia,2021,5.48,1.1,0.84,76.82,0.72,0.07,0.4
77,7,Tajikistan,Central and East Europe,2021,5.47,0.809,0.86,64.28,0.83,-0.06,0.55
78,-3,Vietnam,Southeast Asia,2021,5.41,0.897,0.85,68.03,0.94,-0.1,0.8
79,1,Libya,Middle East and North Africa,2021,5.41,0.962,0.83,62.3,0.77,-0.09,0.67
80,0,Malaysia,Southeast Asia,2021,5.38,1.024,0.82,67.1,0.9,0.13,0.84
81,-1,Indonesia,Southeast Asia,2021,5.35,0.937,0.81,62.24,0.87,0.54,0.87
82,-3,Congo,Sub-Saharan Africa,2021,5.34,0.812,0.64,58.22,0.7,-0.07,0.75
83,-7,China,East Asia,2021,5.34,0.967,0.81,69.59,0.9,-0.15,0.76
84,1,Ivory Coast,Sub-Saharan Africa,2021,5.31,0.855,0.64,50.11,0.74,-0.02,0.79
85,-25,Armenia,Central and East Europe,2021,5.28,0.949,0.8,67.06,0.83,-0.17,0.63
86,-2,Nepal,South Asia,2021,5.27,0.812,0.77,64.23,0.78,0.15,0.73
87,-5,Bulgaria,Central and East Europe,2021,5.27,1.002,0.93,67,0.79,-0.1,0.93
88,2,Azerbaijan,Central and East Europe,2021,5.17,0.957,0.84,65.66,0.81,-0.22,0.51
89,-5,Cameroon,Sub-Saharan Africa,2021,5.14,0.819,0.71,53.52,0.73,0.03,0.85
90,-7,Senegal,Sub-Saharan Africa,2021,5.13,0.812,0.71,59.8,0.7,-0.05,0.8
91,-9,Albania,Central and East Europe,2021,5.12,0.952,0.7,69,0.79,-0.03,0.9
92,5,Ghana,Sub-Saharan Africa,2021,5.09,0.858,0.73,57.59,0.81,0.12,0.85
93,-6,Niger,Sub-Saharan Africa,2021,5.07,0.71,0.64,53.78,0.81,0.02,0.69
94,3,Turkmenistan,Central and East Europe,2021,5.07,0.963,0.98,62.41,0.88,0.27,0.89
95,11,Benin,Sub-Saharan Africa,2021,5.05,0.809,0.49,54.71,0.76,-0.03,0.66
96,-6,Bangladesh,South Asia,2021,5.03,0.845,0.69,64.8,0.88,-0.04,0.68
97,-1,Guinea,Sub-Saharan Africa,2021,4.98,0.784,0.64,55.01,0.7,0.1,0.77
98,-6,South Africa,Sub-Saharan Africa,2021,4.96,0.94,0.86,56.9,0.75,-0.07,0.86
99,10,Turkey,Middle East and North Africa,2021,4.95,1.024,0.82,67.2,0.58,-0.14,0.78
100,35,Pakistan,South Asia,2021,4.93,0.846,0.65,58.71,0.73,0.1,0.79
101,8,Morocco,Middle East and North Africa,2021,4.92,0.89,0.56,66.21,0.77,-0.24,0.8
102,7,Venezuela,Latin America and Caribbean,2021,4.89,0.907,0.86,66.7,0.62,-0.17,0.83
103,-8,Georgia,Central and East Europe,2021,4.89,0.959,0.67,64.3,0.78,-0.24,0.66
104,8,Algeria,Middle East and North Africa,2021,4.89,0.934,0.8,66.01,0.48,-0.07,0.75
105,-11,Ukraine,Central and East Europe,2021,4.88,0.944,0.89,64.9,0.72,-0.01,0.92
106,1,Iraq,Middle East and North Africa,2021,4.85,0.924,0.75,60.58,0.63,-0.05,0.88
107,4,Gabon,Sub-Saharan Africa,2021,4.85,0.96,0.78,59.96,0.73,-0.2,0.84
108,1,Burkina Faso,Sub-Saharan Africa,2021,4.83,0.768,0.67,54.15,0.7,-0.01,0.75
109,8,Cambodia,Southeast Asia,2021,4.83,0.836,0.77,62,0.96,0.03,0.84
111,2,Nigeria,Sub-Saharan Africa,2021,4.76,0.853,0.74,50.1,0.74,0.04,0.88
112,4,Mali,Sub-Saharan Africa,2021,4.72,0.774,0.72,51.97,0.7,-0.04,0.83
113,1,Iran,Middle East and North Africa,2021,4.72,0.958,0.71,66.3,0.61,0.22,0.71
114,-5,Uganda,Sub-Saharan Africa,2021,4.64,0.768,0.78,56.1,0.71,0.12,0.86
115,-2,Liberia,Sub-Saharan Africa,2021,4.63,0.729,0.72,56.5,0.74,0.05,0.85
116,1,Kenya,Sub-Saharan Africa,2021,4.61,0.836,0.69,60.7,0.78,0.29,0.83
117,-4,Tunisia,Middle East and North Africa,2021,4.6,0.927,0.69,67.2,0.66,-0.2,0.87
118,12,Lebanon,Middle East and North Africa,2021,4.58,0.963,0.85,67.36,0.53,-0.07,0.9
120,-4,Myanmar,Southeast Asia,2021,4.43,0.854,0.78,59.3,0.88,0.51,0.66
121,8,Jordan,Middle East and North Africa,2021,4.4,0.918,0.77,67,0.76,-0.17,0.71
122,2,Chad,Sub-Saharan Africa,2021,4.36,0.736,0.62,48.48,0.58,0.04,0.81
123,0,Sri Lanka,South Asia,2021,4.33,0.947,0.83,67.3,0.84,0.08,0.86
124,-4,Egypt,Middle East and North Africa,2021,4.28,0.937,0.75,62,0.75,-0.18,0.8
125,-1,Ethiopia,Sub-Saharan Africa,2021,4.28,0.769,0.76,59,0.75,0.08,0.76
126,4,Mauritania,Sub-Saharan Africa,2021,4.23,0.854,0.8,57.16,0.56,-0.11,0.73
127,0,Madagascar,Sub-Saharan Africa,2021,4.21,0.74,0.69,59.31,0.55,-0.01,0.8
128,3,Togo,Sub-Saharan Africa,2021,4.11,0.736,0.57,54.91,0.62,0.03,0.77
129,-1,Zambia,Sub-Saharan Africa,2021,4.07,0.815,0.71,55.81,0.78,0.06,0.82
130,1,Sierra Leone,Sub-Saharan Africa,2021,3.85,0.743,0.63,51.65,0.72,0.08,0.87
131,0,India,South Asia,2021,3.82,0.876,0.6,60.63,0.89,0.09,0.77
132,-1,Yemen,Middle East and North Africa,2021,3.66,0.758,0.83,57.12,0.6,-0.15,0.8
133,-2,Tanzania,Sub-Saharan Africa,2021,3.62,0.788,0.7,58,0.83,0.18,0.58
134,2,Malawi,Sub-Saharan Africa,2021,3.6,0.696,0.54,57.95,0.78,0.04,0.73
135,1,Botswana,Sub-Saharan Africa,2021,3.47,0.978,0.78,59.27,0.82,-0.25,0.8
136,0,Rwanda,Sub-Saharan Africa,2021,3.42,0.768,0.55,61.4,0.9,0.06,0.17
137,0,Zimbabwe,Sub-Saharan Africa,2021,3.15,0.794,0.75,56.2,0.68,-0.05,0.82
138,0,Afghanistan,South Asia,2021,2.52,0.77,0.46,52.49,0.38,-0.1,0.92
1,0,Finland,Western Europe,2022,7.82,1.89,1.26,0.78,0.74,0.11,0.53
2,0,Denmark,Western Europe,2022,7.64,1.95,1.24,0.78,0.72,0.19,0.53
3,-1,Iceland,Western Europe,2022,7.56,1.94,1.32,0.8,0.72,0.27,0.19
4,1,Switzerland,Western Europe,2022,7.51,2.03,1.23,0.82,0.68,0.15,0.46
5,0,Netherlands,Western Europe,2022,7.42,1.95,1.21,0.79,0.65,0.27,0.42
6,-2,Luxembourg,Western Europe,2022,7.4,2.21,1.16,0.79,0.7,0.12,0.39
7,0,Sweden,Western Europe,2022,7.38,1.92,1.2,0.8,0.72,0.22,0.51
8,2,Norway,Western Europe,2022,7.37,2,1.24,0.79,0.73,0.22,0.47
9,-3,Israel,Middle East and North Africa,2022,7.36,1.83,1.22,0.82,0.57,0.16,0.14
10,1,New Zealand,Australia and New Zealand,2022,7.2,1.85,1.24,0.75,0.68,0.25,0.48
11,1,Austria,Western Europe,2022,7.16,1.93,1.17,0.77,0.62,0.19,0.33
12,1,Australia,Australia and New Zealand,2022,7.16,1.9,1.2,0.77,0.68,0.26,0.34
13,-2,Ireland,Western Europe,2022,7.04,2.13,1.17,0.78,0.63,0.19,0.41
14,1,Germany,Western Europe,2022,7.03,1.92,1.09,0.78,0.59,0.16,0.36
15,1,Canada,North America,2022,7.03,1.89,1.19,0.78,0.66,0.22,0.37
16,-3,United States,North America,2022,6.98,1.98,1.18,0.63,0.57,0.22,0.18
17,0,United Kingdom,Western Europe,2022,6.94,1.87,1.14,0.75,0.6,0.29,0.33
18,0,Czech Republic,Central and East Europe,2022,6.92,1.82,1.26,0.72,0.66,0.16,0.05
19,-1,Belgium,Western Europe,2022,6.81,1.91,1.11,0.76,0.49,0.05,0.2
20,-1,France,Western Europe,2022,6.69,1.86,1.22,0.81,0.57,0.07,0.27
21,-1,Bahrain,Middle East and North Africa,2022,6.65,1.85,1.03,0.63,0.69,0.2,0.16
22,-7,Slovenia,Central and East Europe,2022,6.63,1.81,1.25,0.77,0.69,0.12,0.12
23,7,Costa Rica,Latin America and Caribbean,2022,6.58,1.58,1.05,0.74,0.66,0.09,0.1
24,-1,United Arab Emirates,Middle East and North Africa,2022,6.58,2,0.98,0.63,0.7,0.2,0.25
25,-1,Saudi Arabia,Middle East and North Africa,2022,6.52,1.87,1.09,0.58,0.65,0.08,0.18
26,2,Taiwan,East Asia,2022,6.51,1.9,1.1,0.73,0.54,0.08,0.17
27,-5,Singapore,Southeast Asia,2022,6.48,2.15,1.13,0.85,0.67,0.16,0.59
28,-18,Romania,Central and East Europe,2022,6.48,1.72,1.01,0.66,0.61,0.04,0.01
29,2,Spain,Western Europe,2022,6.48,1.81,1.21,0.81,0.51,0.1,0.15
30,-1,Uruguay,Latin America and Caribbean,2022,6.47,1.62,1.18,0.67,0.67,0.1,0.27
31,3,Italy,Western Europe,2022,6.47,1.83,1.05,0.8,0.41,0.09,0.06
32,-1,Kosovo,Central and East Europe,2022,6.46,1.36,0.95,0.57,0.6,0.31,0.04
33,10,Malta,Western Europe,2022,6.45,1.84,1.17,0.79,0.68,0.17,0.17
34,-4,Lithuania,Central and East Europe,2022,6.45,1.8,1.2,0.66,0.5,0.05,0.08
35,1,Slovakia,Central and East Europe,2022,6.39,1.74,1.23,0.71,0.48,0.12,0.03
36,-4,Estonia,Central and East Europe,2022,6.34,1.79,1.23,0.73,0.69,0.12,0.33
37,-4,Panama,Latin America and Caribbean,2022,6.31,1.72,1.11,0.71,0.59,0.05,0.05
38,3,Brazil,Latin America and Caribbean,2022,6.29,1.46,1.04,0.62,0.55,0.13,0.13
39,9,Guatemala,Latin America and Caribbean,2022,6.26,1.27,0.83,0.52,0.66,0.11,0.12
40,-5,Kazakhstan,Central and East Europe,2022,6.23,1.67,1.22,0.61,0.58,0.13,0.16
41,2,Cyprus,Western Europe,2022,6.22,1.82,0.91,0.82,0.45,0.12,0.06
42,-9,Latvia,Central and East Europe,2022,6.18,1.73,1.22,0.64,0.5,0.08,0.09
43,-5,Serbia,Central and East Europe,2022,6.18,1.55,1.09,0.66,0.55,0.22,0.09
44,1,Chile,Latin America and Caribbean,2022,6.17,1.65,1.08,0.75,0.46,0.12,0.07
45,-10,Nicaragua,Latin America and Caribbean,2022,6.17,1.11,1.03,0.62,0.62,0.17,0.21
46,10,Mexico,Latin America and Caribbean,2022,6.13,1.55,0.89,0.62,0.62,0.09,0.12
47,-13,Croatia,Central and East Europe,2022,6.13,1.71,1.18,0.71,0.54,0.11,0
48,4,Poland,Central and East Europe,2022,6.12,1.76,1.17,0.71,0.52,0.12,0.14
49,0,El Salvador,Latin America and Caribbean,2022,6.12,1.27,0.77,0.61,0.67,0.09,0.21
50,3,Kuwait,Middle East and North Africa,2022,6.11,1.9,0.98,0.75,0.62,0.09,0.15
51,-2,Hungary,Central and East Europe,2022,6.09,1.75,1.23,0.67,0.49,0.08,0.06
52,2,Mauritius,Sub-Saharan Africa,2022,6.07,1.59,1.12,0.57,0.59,0.13,0.11
53,11,Uzbekistan,Central and East Europe,2022,6.06,1.22,1.09,0.6,0.72,0.28,0.24
54,-2,Japan,East Asia,2022,6.04,1.84,1.09,0.87,0.54,0.01,0.22
55,-4,Honduras,Latin America and Caribbean,2022,6.02,1.11,0.89,0.56,0.58,0.2,0.08
56,-2,Portugal,Western Europe,2022,6.02,1.76,1.08,0.78,0.66,0.02,0.04
57,0,Argentina,Latin America and Caribbean,2022,5.97,1.59,1.1,0.66,0.56,0.08,0.09
58,-10,Greece,Western Europe,2022,5.95,1.7,0.98,0.77,0.25,0.02,0.11
59,-3,South Korea,East Asia,2022,5.94,1.85,0.89,0.84,0.41,0.11,0.18
60,-1,Philippines,Southeast Asia,2022,5.9,1.27,0.91,0.51,0.68,0.11,0.14
61,7,Thailand,Southeast Asia,2022,5.89,1.54,1.1,0.7,0.62,0.32,0.03
62,-3,Moldova,Central and East Europe,2022,5.86,1.42,1.01,0.6,0.56,0.1,0.03
63,26,Jamaica,Latin America and Caribbean,2022,5.85,1.3,1.05,0.65,0.57,0.08,0.05
64,-3,Kyrgyzstan,Central and East Europe,2022,5.83,1.07,1.11,0.64,0.69,0.21,0.03
65,-9,Belarus,Central and East Europe,2022,5.82,1.56,1.16,0.63,0.34,0.04,0.28
66,14,Colombia,Latin America and Caribbean,2022,5.78,1.45,0.93,0.72,0.55,0.09,0.08
67,3,Bosnia and Herzegovina,Central and East Europe,2022,5.77,1.47,1.07,0.67,0.45,0.24,0.01
68,-2,Mongolia,East Asia,2022,5.76,1.39,1.2,0.47,0.4,0.25,0.06
69,-4,Dominican Republic,Latin America and Caribbean,2022,5.74,1.54,1,0.58,0.61,0.08,0.18
70,-10,Malaysia,Southeast Asia,2022,5.71,1.69,0.94,0.62,0.65,0.21,0.13
71,2,Bolivia,Latin America and Caribbean,2022,5.6,1.26,0.88,0.56,0.63,0.11,0.06
72,-11,China,East Asia,2022,5.59,1.51,0.96,0.71,0.66,0.1,0.14
73,2,Paraguay,Latin America and Caribbean,2022,5.58,1.41,1.13,0.62,0.63,0.17,0.06
74,11,Peru,Latin America and Caribbean,2022,5.56,1.4,0.87,0.74,0.55,0.09,0.04
75,3,Montenegro,Central and East Europe,2022,5.55,1.57,1.02,0.66,0.46,0.14,0.08
76,10,Ecuador,Latin America and Caribbean,2022,5.53,1.35,0.88,0.71,0.57,0.08,0.08
77,-1,Vietnam,Southeast Asia,2022,5.49,1.25,0.93,0.61,0.71,0.14,0.11
78,-16,Turkmenistan,Central and East Europe,2022,5.47,1.48,1.32,0.52,0.65,0.31,0.03
79,4,Russia,Central and East Europe,2022,5.46,1.69,1.1,0.59,0.4,0.12,0.08
80,4,Hong Kong,East Asia,2022,5.43,1.96,0.95,0.94,0.4,0.15,0.38
81,-4,Armenia,Central and East Europe,2022,5.4,1.43,0.82,0.67,0.56,0.05,0.21
82,5,Tajikistan,Central and East Europe,2022,5.38,0.97,1.01,0.52,0.57,0.12,0.3
83,-3,Nepal,South Asia,2022,5.38,0.98,0.78,0.5,0.52,0.24,0.13
84,-3,Bulgaria,Central and East Europe,2022,5.37,1.63,1.16,0.64,0.56,0.12,0.02
85,6,Libya,Middle East and North Africa,2022,5.33,1.48,0.94,0.61,0.48,0.11,0.18
86,5,Indonesia,Southeast Asia,2022,5.24,1.38,0.88,0.54,0.62,0.47,0.05
87,3,Ivory Coast,Sub-Saharan Africa,2022,5.24,1.09,0.44,0.32,0.45,0.15,0.12
88,-3,Albania,Central and East Europe,2022,5.2,1.44,0.65,0.72,0.51,0.14,0.03
89,-9,South Africa,Sub-Saharan Africa,2022,5.19,1.43,1.09,0.36,0.44,0.09,0.05
90,2,Azerbaijan,Central and East Europe,2022,5.17,1.46,1.09,0.56,0.6,0.02,0.34
91,-5,Bangladesh,South Asia,2022,5.16,1.06,0.61,0.58,0.62,0.13,0.19
92,-12,Algeria,Middle East and North Africa,2022,5.12,1.36,0.97,0.64,0.15,0.11,0.15
93,-22,Liberia,Sub-Saharan Africa,2022,5.12,0.64,0.67,0.31,0.41,0.18,0.08
94,-11,Ukraine,Central and East Europe,2022,5.08,1.41,1.08,0.58,0.47,0.19,0.02
95,13,Congo,Sub-Saharan Africa,2022,5.08,0.95,0.41,0.36,0.43,0.13,0.15
96,-5,Morocco,Middle East and North Africa,2022,5.06,1.21,0.27,0.57,0.49,0.02,0.1
98,9,Cameroon,Sub-Saharan Africa,2022,5.05,0.97,0.67,0.32,0.4,0.15,0.07
99,9,Senegal,Sub-Saharan Africa,2022,5.05,0.93,0.53,0.45,0.49,0.14,0.08
100,7,Niger,Sub-Saharan Africa,2022,5,0.57,0.56,0.33,0.57,0.17,0.15
101,-2,Georgia,Central and East Europe,2022,4.97,1.47,0.61,0.6,0.51,0,0.21
102,-5,Gabon,Sub-Saharan Africa,2022,4.96,1.46,0.74,0.4,0.34,0.03,0.1
103,-3,Iraq,Middle East and North Africa,2022,4.94,1.29,0.68,0.55,0.33,0.15,0.05
104,2,Venezuela,Latin America and Caribbean,2022,4.93,0,0.97,0.58,0.28,0.23,0.08
105,8,Guinea,Sub-Saharan Africa,2022,4.89,0.85,0.57,0.28,0.33,0.21,0.12
106,-7,Iran,Middle East and North Africa,2022,4.89,1.41,0.74,0.64,0.28,0.24,0.15
107,15,Ghana,Sub-Saharan Africa,2022,4.87,1.11,0.6,0.41,0.5,0.23,0.06
108,9,Turkey,Middle East and North Africa,2022,4.74,1.71,0.87,0.7,0.21,0.09,0.12
109,1,Burkina Faso,Sub-Saharan Africa,2022,4.67,0.78,0.57,0.32,0.38,0.19,0.13
110,1,Cambodia,Southeast Asia,2022,4.64,1.02,0.73,0.51,0.74,0.17,0.07
111,16,Benin,Sub-Saharan Africa,2022,4.62,0.93,0.06,0.34,0.48,0.13,0.23
112,-2,Uganda,Sub-Saharan Africa,2022,4.6,0.78,0.88,0.42,0.4,0.22,0.07
113,2,Nigeria,Sub-Saharan Africa,2022,4.55,1.08,0.73,0.3,0.44,0.18,0.04
114,-2,Kenya,Sub-Saharan Africa,2022,4.54,1.03,0.61,0.4,0.44,0.32,0.08
115,-2,Tunisia,Middle East and North Africa,2022,4.52,1.35,0.6,0.66,0.32,0.03,0.03
116,16,Pakistan,South Asia,2022,4.52,1.05,0.41,0.37,0.45,0.18,0.11
118,6,Mali,Sub-Saharan Africa,2022,4.48,0.79,0.48,0.31,0.35,0.13,0.04
119,-1,Myanmar,Southeast Asia,2022,4.39,1.04,0.83,0.49,0.51,0.45,0.19
120,-3,Sri Lanka,South Asia,2022,4.36,1.42,0.93,0.66,0.53,0.15,0.08
121,-6,Madagascar,Sub-Saharan Africa,2022,4.34,0.67,0.65,0.38,0.2,0.14,0.15
122,-2,Egypt,Middle East and North Africa,2022,4.29,1.39,0.73,0.55,0.47,0.04,0.25
123,1,Chad,Sub-Saharan Africa,2022,4.25,0.66,0.51,0.23,0.18,0.18,0.08
124,-1,Ethiopia,Sub-Saharan Africa,2022,4.24,0.79,0.81,0.46,0.47,0.21,0.14
125,-7,Yemen,Middle East and North Africa,2022,4.2,0.69,1.04,0.38,0.33,0.09,0.1
126,0,Mauritania,Sub-Saharan Africa,2022,4.15,1.1,0.87,0.45,0.3,0.09,0.14
127,6,Jordan,Middle East and North Africa,2022,4.15,1.32,0.72,0.68,0.48,0.06,0.2
128,0,Togo,Sub-Saharan Africa,2022,4.11,0.77,0.32,0.36,0.29,0.17,0.13
129,-2,India,South Asia,2022,3.78,1.17,0.38,0.47,0.65,0.2,0.12
130,1,Zambia,Sub-Saharan Africa,2022,3.76,0.93,0.58,0.31,0.53,0.2,0.08
131,-3,Malawi,Sub-Saharan Africa,2022,3.75,0.65,0.28,0.39,0.48,0.14,0.16
132,-1,Tanzania,Sub-Saharan Africa,2022,3.7,0.85,0.6,0.43,0.58,0.25,0.27
133,3,Sierra Leone,Sub-Saharan Africa,2022,3.57,0.69,0.42,0.27,0.39,0.2,0.06
134,-1,Botswana,Sub-Saharan Africa,2022,3.47,1.5,0.82,0.28,0.57,0.01,0.1
135,-1,Rwanda,Sub-Saharan Africa,2022,3.27,0.79,0.13,0.46,0.62,0.19,0.54
136,-1,Zimbabwe,Sub-Saharan Africa,2022,3,0.95,0.69,0.27,0.33,0.11,0.11
137,19,Lebanon,Middle East and North Africa,2022,2.96,1.39,0.5,0.63,0.1,0.08,0.03
138,0,Afghanistan,South Asia,2022,2.4,0.76,0,0.29,0,0.09,0.01